0.9,0,-9131.572444
0.2,0,-8812.626656
0.6,0,-8193.434284
0.4,0,-8441.821126
0.2,0,-8812.626656
0.7,0,-8214.451279
0.3,0,-8617.316587
0.8,0,-8444.655345
0.3,0,-8617.316587
0.6,0,-8193.434284
0.8,0,-8444.655345
0.5,0,-8291.5904
0.1,0,-8983.766416
0.7,0,-8214.451279
0.1,0,-8983.766416
0.9,0,-9131.572444
0.4,0,-8441.821126
0.5,0,-8291.5904
0.2,0.263157895,-8904.718039
0.9,0.263157895,-8877.666003
0.2,0.263157895,-8904.718039
0.4,0.263157895,-8607.302749
0.6,0.263157895,-8406.875227
0.1,0.263157895,-9013.485646
0.7,0.263157895,-8392.918376
0.3,0.263157895,-8759.238263
0.3,0.263157895,-8759.238263
0.8,0.263157895,-8475.173884
0.5,0.263157895,-8482.40615
0.8,0.263157895,-8475.173884
0.6,0.263157895,-8406.875227
0.7,0.263157895,-8392.918376
0.1,0.263157895,-9013.485646
0.9,0.263157895,-8877.666003
0.4,0.263157895,-8607.302749
0.5,0.263157895,-8482.40615
0.2,0.526315789,-8963.403452
0.2,0.526315789,-8963.403452
0.9,0.526315789,-8954.244363
0.4,0.526315789,-8769.520248
0.1,0.526315789,-9031.123433
0.6,0.526315789,-8597.441216
0.7,0.526315789,-8579.983626
0.5,0.526315789,-8671.221768
0.3,0.526315789,-8871.404172
0.3,0.526315789,-8871.404172
0.8,0.526315789,-8666.349945
0.8,0.526315789,-8666.349945
0.6,0.526315789,-8597.441216
0.7,0.526315789,-8579.983626
0.9,0.526315789,-8954.244363
0.1,0.526315789,-9031.123433
0.4,0.526315789,-8769.520248
0.2,0.789473684,-8999.216875
0.5,0.526315789,-8671.221768
0.2,0.789473684,-8999.216875
0.9,0.789473684,-9059.981774
0.4,0.789473684,-8876.426076
0.1,0.789473684,-9041.347019
0.6,0.789473684,-8780.063569
0.5,0.789473684,-8819.184081
0.7,0.789473684,-8774.427823
0.3,0.789473684,-8940.325231
0.3,0.789473684,-8940.325231
0.8,0.789473684,-8834.77882
0.7,0.789473684,-8774.427823
0.8,0.789473684,-8834.77882
0.6,0.789473684,-8780.063569
0.9,0.789473684,-9059.981774
0.1,0.789473684,-9041.347019
0.4,0.789473684,-8876.426076
0.2,1.052631579,-9020.813967
0.2,1.052631579,-9020.813967
0.5,0.789473684,-8819.184081
0.9,1.052631579,-9189.9211
0.4,1.052631579,-8940.988795
0.1,1.052631579,-9047.24589
0.6,1.052631579,-8887.753997
0.5,1.052631579,-8905.067014
0.7,1.052631579,-8905.877785
0.3,1.052631579,-8982.887199
0.3,1.052631579,-8982.887199
0.7,1.052631579,-8905.877785
0.8,1.052631579,-8985.834342
0.8,1.052631579,-8985.834342
0.6,1.052631579,-8887.753997
0.9,1.052631579,-9189.9211
0.1,1.052631579,-9047.24589
0.4,1.052631579,-8940.988795
0.2,1.315789474,-9033.736338
0.2,1.315789474,-9033.736338
0.5,1.052631579,-8905.067014
0.9,1.315789474,-9256.66925
0.4,1.315789474,-8981.290134
0.1,1.315789474,-9050.684809
0.5,1.315789474,-8957.065321
0.6,1.315789474,-8946.634749
0.7,1.315789474,-8966.260706
0.3,1.315789474,-9009.112289
0.7,1.315789474,-8966.260706
0.3,1.315789474,-9009.112289
0.8,1.315789474,-9045.686738
0.8,1.315789474,-9045.686738
0.9,1.315789474,-9256.66925
0.6,1.315789474,-8946.634749
0.1,1.315789474,-9050.684809
0.4,1.315789474,-8981.290134
0.2,1.578947368,-9041.512538
0.2,1.578947368,-9041.512538
0.5,1.315789474,-8957.065321
0.9,1.578947368,-9237.08196
0.4,1.578947368,-9006.51277
0.1,1.578947368,-9052.725302
0.5,1.578947368,-8989.798498
0.7,1.578947368,-8996.210285
0.6,1.578947368,-8982.195456
0.3,1.578947368,-9025.209533
0.7,1.578947368,-8996.210285
0.3,1.578947368,-9025.209533
0.8,1.578947368,-9057.431642
0.8,1.578947368,-9057.431642
0.9,1.578947368,-9237.08196
0.6,1.578947368,-8982.195456
0.4,1.578947368,-9006.51277
0.1,1.578947368,-9052.725302
0.2,1.842105263,-9046.260842
0.2,1.842105263,-9046.260842
0.5,1.578947368,-8989.798498
0.1,1.842105263,-9053.961893
0.9,1.842105263,-9190.477562
0.4,1.842105263,-9022.309629
0.7,1.842105263,-9013.36841
0.5,1.842105263,-9010.540719
0.6,1.842105263,-9004.623496
0.3,1.842105263,-9035.152945
0.7,1.842105263,-9013.36841
0.3,1.842105263,-9035.152945
0.8,1.842105263,-9055.928409
0.9,1.842105263,-9190.477562
0.8,1.842105263,-9055.928409
0.6,1.842105263,-9004.623496
0.4,1.842105263,-9022.309629
0.2,2.105263158,-9049.217132
0.2,2.105263158,-9049.217132
0.5,1.842105263,-9010.540719
0.1,1.842105263,-9053.961893
0.1,2.105263158,-9054.728634
0.9,2.105263158,-9146.869206
0.7,2.105263158,-9023.913782
0.4,2.105263158,-9032.290699
0.5,2.105263158,-9023.759228
0.6,2.105263158,-9018.9616
0.3,2.105263158,-9041.383821
0.7,2.105263158,-9023.913782
0.3,2.105263158,-9041.383821
0.9,2.105263158,-9146.869206
0.8,2.105263158,-9052.146513
0.8,2.105263158,-9052.146513
0.6,2.105263158,-9018.9616
0.4,2.105263158,-9032.290699
0.2,2.368421053,-9051.098494
0.2,2.368421053,-9051.098494
0.5,2.105263158,-9023.759228
0.1,2.368421053,-9055.215428
0.9,2.368421053,-9113.320817
0.1,2.105263158,-9054.728634
0.7,2.368421053,-9030.634621
0.4,2.368421053,-9038.697846
0.5,2.368421053,-9032.291507
0.3,2.368421053,-9045.363962
0.6,2.368421053,-9028.250279
0.7,2.368421053,-9030.634621
0.3,2.368421053,-9045.363962
0.9,2.368421053,-9113.320817
0.8,2.368421053,-9048.765712
0.8,2.368421053,-9048.765712
0.6,2.368421053,-9028.250279
0.2,2.631578947,-9052.323684
0.2,2.631578947,-9052.323684
0.4,2.368421053,-9038.697846
0.5,2.368421053,-9032.291507
0.1,2.631578947,-9055.531933
0.9,2.631578947,-9089.346918
0.7,2.631578947,-9035.077481
0.4,2.631578947,-9042.895607
0.5,2.631578947,-9037.906128
0.3,2.631578947,-9047.962531
0.1,2.368421053,-9055.215428
0.6,2.631578947,-9034.391645
0.7,2.631578947,-9035.077481
0.3,2.631578947,-9047.962531
0.9,2.631578947,-9089.346918
0.8,2.631578947,-9046.303813
0.8,2.631578947,-9046.303813
0.6,2.631578947,-9034.391645
0.2,2.894736842,-9053.140336
0.2,2.894736842,-9053.140336
0.1,2.894736842,-9055.742601
0.4,2.631578947,-9042.895607
0.5,2.631578947,-9037.906128
0.9,2.894736842,-9072.854658
0.4,2.894736842,-9045.709643
0.7,2.894736842,-9038.151122
0.5,2.894736842,-9041.688825
0.3,2.894736842,-9049.698601
0.6,2.894736842,-9038.562384
0.7,2.894736842,-9038.151122
0.1,2.631578947,-9055.531933
0.3,2.894736842,-9049.698601
0.9,2.894736842,-9072.854658
0.8,2.894736842,-9044.731782
0.8,2.894736842,-9044.731782
0.6,2.894736842,-9038.562384
0.2,3.157894737,-9053.697241
0.1,3.157894737,-9055.886041
0.2,3.157894737,-9053.697241
0.5,2.894736842,-9041.688825
0.9,3.157894737,-9061.817377
0.4,2.894736842,-9045.709643
0.4,3.157894737,-9047.641646
0.7,3.157894737,-9040.387726
0.5,3.157894737,-9044.303439
0.3,3.157894737,-9050.885597
0.6,3.157894737,-9041.482251
0.7,3.157894737,-9040.387726
0.9,3.157894737,-9061.817377
0.3,3.157894737,-9050.885597
0.8,3.157894737,-9043.883347
0.1,2.894736842,-9055.742601
0.8,3.157894737,-9043.883347
0.6,3.157894737,-9041.482251
0.1,3.421052632,-9055.985835
0.2,3.421052632,-9054.08541
0.2,3.421052632,-9054.08541
0.9,3.421052632,-9054.627246
0.5,3.157894737,-9044.303439
0.4,3.421052632,-9048.999735
0.4,3.157894737,-9047.641646
0.7,3.421052632,-9042.095115
0.5,3.421052632,-9046.15791
0.3,3.421052632,-9051.715614
0.6,3.421052632,-9043.590566
0.7,3.421052632,-9042.095115
0.9,3.421052632,-9054.627246
0.3,3.421052632,-9051.715614
0.8,3.421052632,-9043.572935
0.1,3.157894737,-9055.886041
0.8,3.421052632,-9043.572935
0.6,3.421052632,-9043.590566
0.1,3.684210526,-9056.056676
0.2,3.684210526,-9054.361579
0.2,3.684210526,-9054.361579
0.9,3.684210526,-9050.092899
0.5,3.421052632,-9046.15791
0.4,3.684210526,-9049.976005
0.7,3.684210526,-9043.450613
0.4,3.421052632,-9048.999735
0.5,3.684210526,-9047.505882
0.3,3.684210526,-9052.308447
0.6,3.684210526,-9045.15742
0.9,3.684210526,-9050.092899
0.7,3.684210526,-9043.450613
0.3,3.684210526,-9052.308447
0.8,3.684210526,-9043.634927
0.8,3.684210526,-9043.634927
0.1,3.421052632,-9055.985835
0.6,3.684210526,-9045.15742
0.1,3.947368421,-9056.107909
0.2,3.947368421,-9054.561816
0.2,3.947368421,-9054.561816
0.9,3.947368421,-9047.359266
0.4,3.947368421,-9050.692371
0.5,3.684210526,-9047.505882
0.7,3.947368421,-9044.557504
0.5,3.947368421,-9048.507713
0.4,3.684210526,-9049.976005
0.3,3.947368421,-9052.740225
0.6,3.947368421,-9046.351435
0.9,3.947368421,-9047.359266
0.7,3.947368421,-9044.557504
0.3,3.947368421,-9052.740225
0.8,3.947368421,-9043.93576
0.1,3.684210526,-9056.056676
0.8,3.947368421,-9043.93576
0.6,3.947368421,-9046.351435
0.1,4.210526316,-9056.145592
0.2,4.210526316,-9054.709513
0.9,4.210526316,-9045.824326
0.2,4.210526316,-9054.709513
0.4,4.210526316,-9051.227761
0.5,3.947368421,-9048.507713
0.7,4.210526316,-9045.477841
0.5,4.210526316,-9049.266864
0.4,3.947368421,-9050.692371
0.3,4.210526316,-9053.060298
0.6,4.210526316,-9047.280264
0.9,4.210526316,-9045.824326
0.7,4.210526316,-9045.477841
0.3,4.210526316,-9053.060298
0.8,4.210526316,-9044.374644
0.1,3.947368421,-9056.107909
0.8,4.210526316,-9044.374644
0.6,4.210526316,-9047.280264
0.1,4.473684211,-9056.173733
0.2,4.473684211,-9054.820143
0.4,4.473684211,-9051.634359
0.9,4.473684211,-9045.070345
0.2,4.473684211,-9054.820143
0.5,4.210526316,-9049.266864
0.7,4.473684211,-9046.250935
0.5,4.473684211,-9049.851634
0.4,4.210526316,-9051.227761
0.6,4.473684211,-9048.014585
0.3,4.473684211,-9053.301305
0.9,4.473684211,-9045.070345
0.7,4.473684211,-9046.250935
0.3,4.473684211,-9053.301305
0.8,4.473684211,-9044.879482
0.1,4.210526316,-9056.145592
0.8,4.473684211,-9044.879482
0.6,4.473684211,-9048.014585
0.1,4.736842105,-9056.195034
0.4,4.736842105,-9051.947423
0.2,4.736842105,-9054.904143
0.9,4.736842105,-9044.81127
0.2,4.736842105,-9054.904143
0.5,4.473684211,-9049.851634
0.7,4.736842105,-9046.903514
0.5,4.736842105,-9050.308226
0.4,4.473684211,-9051.634359
0.6,4.736842105,-9048.602297
0.3,4.736842105,-9053.485281
0.9,4.736842105,-9044.81127
0.7,4.736842105,-9046.903514
0.3,4.736842105,-9053.485281
0.8,4.736842105,-9045.401261
0.1,4.473684211,-9056.173733
0.8,4.736842105,-9045.401261
0.6,4.736842105,-9048.602297
0.1,5,-9056.211351
0.4,5,-9052.191292
0.2,5,-9054.968689
0.9,5,-9044.853873
0.2,5,-9054.968689
0.5,4.736842105,-9050.308226
0.7,5,-9047.455193
0.5,5,-9050.668685
0.6,5,-9049.076954
0.4,4.736842105,-9051.947423
0.3,5,-9053.627397
0.9,5,-9044.853873
0.7,5,-9047.455193
0.3,5,-9053.627397
0.8,5,-9045.908511
0.1,4.736842105,-9056.195034
0.8,5,-9045.908511
0.6,5,-9049.076954
0.5,5,-9050.668685
0.4,5,-9052.191292
0.1,5,-9056.211351
0.55,0.0,-8232.23490221,
0.66,0.0,-8186.91870321,
0.64,0.0,-8183.3541227,
0.52,0.0,-8265.95981749,
0.54,0.0,-8242.75353064,
0.66,0.0,-8186.91870321,
0.54,0.0,-8242.75353064,
0.67,0.0,-8191.12236649,
0.68,0.0,-8197.05161827,
0.61,0.0,-8188.94867683,
0.58,0.0,-8205.89994471,
0.64,0.0,-8183.3541227,
0.51,0.0,-8278.50560432,
0.51,0.0,-8278.50560432,
0.61,0.0,-8188.94867683,
0.53,0.0,-8254.01922125,
0.62,0.0,-8185.72476468,
0.62,0.0,-8185.72476468,
0.55,0.0,-8232.23490221,
0.56,0.0,-8222.53694238,
0.56,0.0,-8222.53694238,
0.52,0.0,-8265.95981749,
0.63,0.0,-8183.83537338,
0.59,0.0,-8199.10897992,
0.57,0.0,-8213.73387972,
0.53,0.0,-8254.01922125,
0.59,0.0,-8199.10897992,
0.67,0.0,-8191.12236649,
0.69,0.0,-8204.79602091,
0.69,0.0,-8204.79602091,
0.57,0.0,-8213.73387972,
0.68,0.0,-8197.05161827,
0.58,0.0,-8205.89994471,
0.65,0.0,-8184.356113,
0.63,0.0,-8183.83537338,
0.65,0.0,-8184.356113,
0.55,0.25,-8428.56767657,
0.66,0.25,-8379.96483049,
0.52,0.25,-8453.91107849,
0.54,0.25,-8436.47042477,
0.54,0.25,-8436.47042477,
0.66,0.25,-8379.96483049,
0.61,0.25,-8393.08567608,
0.51,0.25,-8463.42878225,
0.64,0.25,-8383.32746257,
0.67,0.25,-8379.28553129,
0.61,0.25,-8393.08567608,
0.62,0.25,-8389.22300985,
0.58,0.25,-8408.22902031,
0.68,0.25,-8379.31506106,
0.53,0.25,-8444.92140112,
0.64,0.25,-8383.32746257,
0.55,0.25,-8428.56767657,
0.62,0.25,-8389.22300985,
0.51,0.25,-8463.42878225,
0.56,0.25,-8421.22162419,
0.63,0.25,-8385.96651659,
0.56,0.25,-8421.22162419,
0.57,0.25,-8414.43980659,
0.53,0.25,-8444.92140112,
0.67,0.25,-8379.28553129,
0.52,0.25,-8453.91107849,
0.57,0.25,-8414.43980659,
0.69,0.25,-8380.0949267,
0.59,0.25,-8402.59557585,
0.69,0.25,-8380.0949267,
0.59,0.25,-8402.59557585,
0.68,0.25,-8379.31506106,
0.65,0.25,-8381.32050046,
0.58,0.25,-8408.22902031,
0.65,0.25,-8381.32050046,
0.63,0.25,-8385.96651659,
0.55,0.5,-8609.70448224,
0.54,0.5,-8617.59288085,
0.51,0.5,-8643.44643543,
0.66,0.5,-8558.07556128,
0.52,0.5,-8634.49460469,
0.66,0.5,-8558.07556128,
0.67,0.5,-8557.54801147,
0.61,0.5,-8572.30672918,
0.54,0.5,-8617.59288085,
0.64,0.5,-8561.57621814,
0.61,0.5,-8572.30672918,
0.62,0.5,-8568.05311325,
0.56,0.5,-8602.23332916,
0.55,0.5,-8609.70448224,
0.62,0.5,-8568.05311325,
0.58,0.5,-8588.67412838,
0.57,0.5,-8595.212071,
0.63,0.5,-8564.46317064,
0.68,0.5,-8557.89615119,
0.56,0.5,-8602.23332916,
0.51,0.5,-8643.44643543,
0.57,0.5,-8595.212071,
0.64,0.5,-8561.57621814,
0.53,0.5,-8625.86663291,
0.67,0.5,-8557.54801147,
0.52,0.5,-8634.49460469,
0.53,0.5,-8625.86663291,
0.59,0.5,-8582.65372356,
0.69,0.5,-8559.16799199,
0.69,0.5,-8559.16799199,
0.59,0.5,-8582.65372356,
0.68,0.5,-8557.89615119,
0.65,0.5,-8559.43294205,
0.58,0.5,-8588.67412838,
0.65,0.5,-8559.43294205,
0.63,0.5,-8564.46317064,
0.55,0.75,-8776.4348457,
0.54,0.75,-8781.06281673,
0.51,0.75,-8796.23427391,
0.67,0.75,-8744.88136231,
0.66,0.75,-8745.31492054,
0.62,0.75,-8751.66394331,
0.64,0.75,-8747.6300577,
0.54,0.75,-8781.06281673,
0.52,0.75,-8790.9760177,
0.61,0.75,-8754.25551371,
0.57,0.75,-8767.90942563,
0.66,0.75,-8745.31492054,
0.61,0.75,-8754.25551371,
0.55,0.75,-8776.4348457,
0.57,0.75,-8767.90942563,
0.62,0.75,-8751.66394331,
0.63,0.75,-8749.44672409,
0.56,0.75,-8772.04520014,
0.56,0.75,-8772.04520014,
0.58,0.75,-8764.0441128,
0.67,0.75,-8744.88136231,
0.53,0.75,-8785.91448436,
0.52,0.75,-8790.9760177,
0.68,0.75,-8744.97876915,
0.59,0.75,-8760.46703584,
0.69,0.75,-8745.64762469,
0.69,0.75,-8745.64762469,
0.51,0.75,-8796.23427391,
0.64,0.75,-8747.6300577,
0.53,0.75,-8785.91448436,
0.68,0.75,-8744.97876915,
0.59,0.75,-8760.46703584,
0.58,0.75,-8764.0441128,
0.65,0.75,-8746.24244179,
0.65,0.75,-8746.24244179,
0.63,0.75,-8749.44672409,
0.55,1.0,-8878.04379506,
0.67,1.0,-8877.24682297,
0.51,1.0,-8888.22408864,
0.66,1.0,-8875.09545733,
0.54,1.0,-8880.23300571,
0.62,1.0,-8871.00651157,
0.57,1.0,-8874.4696264,
0.66,1.0,-8875.09545733,
0.52,1.0,-8885.33807521,
0.62,1.0,-8871.00651157,
0.55,1.0,-8878.04379506,
0.61,1.0,-8871.00279698,
0.61,1.0,-8871.00279698,
0.64,1.0,-8872.1935823,
0.56,1.0,-8876.11735079,
0.54,1.0,-8880.23300571,
0.67,1.0,-8877.24682297,
0.63,1.0,-8871.39659347,
0.57,1.0,-8874.4696264,
0.58,1.0,-8873.11705515,
0.59,1.0,-8872.07659585,
0.56,1.0,-8876.11735079,
0.68,1.0,-8879.89835835,
0.52,1.0,-8885.33807521,
0.64,1.0,-8872.1935823,
0.51,1.0,-8888.22408864,
0.69,1.0,-8883.07692326,
0.53,1.0,-8882.66946891,
0.53,1.0,-8882.66946891,
0.69,1.0,-8883.07692326,
0.65,1.0,-8873.41899713,
0.68,1.0,-8879.89835835,
0.58,1.0,-8873.11705515,
0.59,1.0,-8872.07659585,
0.65,1.0,-8873.41899713,
0.63,1.0,-8871.39659347,
0.625,0.0,-8184.60856704,
0.675,0.0,-8193.86575247,
0.62,0.0,-8185.72464912,
0.655,0.0,-8185.43729777,
0.67,0.0,-8191.12228844,
0.685,0.0,-8200.69103479,
0.64,0.0,-8183.35402215,
0.67,0.0,-8191.12228844,
0.63,0.0,-8183.83526532,
0.61,0.0,-8188.9485538,
0.66,0.0,-8186.91861768,
0.6,0.0,-8193.43415344,
0.655,0.0,-8185.43729777,
0.6,0.0,-8193.43415344,
0.69,0.0,-8204.79595768,
0.685,0.0,-8200.69103479,
0.635,0.0,-8183.4139758,
0.68,0.0,-8197.05154765,
0.605,0.0,-8191.03817893,
0.645,0.0,-8183.66484361,
0.625,0.0,-8184.60856704,
0.63,0.0,-8183.83526532,
0.65,0.0,-8184.35601996,
0.665,0.0,-8188.81014283,
0.605,0.0,-8191.03817893,
0.64,0.0,-8183.35402215,
0.69,0.0,-8204.79595768,
0.665,0.0,-8188.81014283,
0.62,0.0,-8185.72464912,
0.65,0.0,-8184.35601996,
0.635,0.0,-8183.4139758,
0.645,0.0,-8183.66484361,
0.66,0.0,-8186.91861768,
0.61,0.0,-8188.9485538,
0.68,0.0,-8197.05154765,
0.675,0.0,-8193.86575247,
0.625,0.01,-8190.75803655,
0.67,0.01,-8195.14967714,
0.6,0.01,-8200.55913598,
0.675,0.01,-8197.63963493,
0.645,0.01,-8188.91501139,
0.62,0.01,-8192.08411694,
0.62,0.01,-8192.08411694,
0.685,0.01,-8203.95190969,
0.68,0.01,-8200.56981237,
0.65,0.01,-8189.36893044,
0.67,0.01,-8195.14967714,
0.63,0.01,-8189.76831334,
0.65,0.01,-8189.36893044,
0.665,0.01,-8193.08856976,
0.605,0.01,-8197.98398948,
0.69,0.01,-8207.79799308,
0.605,0.01,-8197.98398948,
0.66,0.01,-8191.44524112,
0.635,0.01,-8189.12467763,
0.685,0.01,-8203.95190969,
0.655,0.01,-8190.2088851,
0.64,0.01,-8188.83693964,
0.69,0.01,-8207.79799308,
0.655,0.01,-8190.2088851,
0.64,0.01,-8188.83693964,
0.63,0.01,-8189.76831334,
0.61,0.01,-8195.70670899,
0.635,0.01,-8189.12467763,
0.6,0.01,-8200.55913598,
0.66,0.01,-8191.44524112,
0.68,0.01,-8200.56981237,
0.625,0.01,-8190.75803655,
0.665,0.01,-8193.08856976,
0.675,0.01,-8197.63963493,
0.645,0.01,-8188.91501139,
0.61,0.01,-8195.70670899,
0.625,0.02,-8197.27368486,
0.6,0.02,-8208.00577032,
0.67,0.02,-8199.54172634,
0.685,0.02,-8207.55689148,
0.645,0.02,-8194.54290624,
0.65,0.02,-8194.75927683,
0.675,0.02,-8201.77229547,
0.605,0.02,-8205.26304693,
0.63,0.02,-8196.07239305,
0.68,0.02,-8204.43998813,
0.69,0.02,-8211.13544283,
0.62,0.02,-8198.80356476,
0.655,0.02,-8195.35641505,
0.67,0.02,-8199.54172634,
0.62,0.02,-8198.80356476,
0.66,0.02,-8196.34515182,
0.665,0.02,-8197.73650864,
0.605,0.02,-8205.26304693,
0.69,0.02,-8211.13544283,
0.61,0.02,-8202.80837514,
0.685,0.02,-8207.55689148,
0.65,0.02,-8194.75927683,
0.635,0.02,-8195.2099363,
0.655,0.02,-8195.35641505,
0.6,0.02,-8208.00577032,
0.64,0.02,-8194.69663583,
0.63,0.02,-8196.07239305,
0.635,0.02,-8195.2099363,
0.68,0.02,-8204.43998813,
0.66,0.02,-8196.34515182,
0.64,0.02,-8194.69663583,
0.675,0.02,-8201.77229547,
0.665,0.02,-8197.73650864,
0.645,0.02,-8194.54290624,
0.625,0.02,-8197.27368486,
0.61,0.02,-8202.80837514,
0.625,0.03,-8204.15178855,
0.6,0.03,-8215.75548826,
0.67,0.03,-8204.31763437,
0.685,0.03,-8211.53059693,
0.65,0.03,-8200.53715938,
0.675,0.03,-8206.28487822,
0.66,0.03,-8201.63325346,
0.605,0.03,-8212.85969618,
0.645,0.03,-8200.55605088,
0.63,0.03,-8202.74670584,
0.69,0.03,-8214.83444452,
0.6,0.03,-8215.75548826,
0.605,0.03,-8212.85969618,
0.655,0.03,-8200.89245055,
0.69,0.03,-8214.83444452,
0.68,0.03,-8208.6850262,
0.66,0.03,-8201.63325346,
0.62,0.03,-8205.87629806,
0.67,0.03,-8204.31763437,
0.62,0.03,-8205.87629806,
0.665,0.03,-8202.77107642,
0.61,0.03,-8210.24086619,
0.645,0.03,-8200.55605088,
0.685,0.03,-8211.53059693,
0.63,0.03,-8202.74670584,
0.635,0.03,-8201.67181279,
0.675,0.03,-8206.28487822,
0.635,0.03,-8201.67181279,
0.665,0.03,-8202.77107642,
0.655,0.03,-8200.89245055,
0.68,0.03,-8208.6850262,
0.65,0.03,-8200.53715938,
0.625,0.03,-8204.15178855,
0.64,0.03,-8200.93795001,
0.64,0.03,-8200.93795001,
0.61,0.03,-8210.24086619,
0.6,0.04,-8223.78358393,
0.625,0.04,-8211.38245595,
0.685,0.04,-8215.89509808,
0.67,0.04,-8209.49299372,
0.66,0.04,-8207.32015077,
0.6,0.04,-8223.78358393,
0.65,0.04,-8206.70772289,
0.62,0.04,-8213.28933612,
0.63,0.04,-8209.78445332,
0.675,0.04,-8211.195274,
0.605,0.04,-8220.75200486,
0.645,0.04,-8206.95670917,
0.69,0.04,-8218.91894624,
0.605,0.04,-8220.75200486,
0.68,0.04,-8213.32497848,
0.69,0.04,-8218.91894624,
0.61,0.04,-8217.98515014,
0.665,0.04,-8208.2054349,
0.645,0.04,-8206.95670917,
0.67,0.04,-8209.49299372,
0.62,0.04,-8213.28933612,
0.66,0.04,-8207.32015077,
0.655,0.04,-8206.82492073,
0.675,0.04,-8211.195274,
0.635,0.04,-8208.50658059,
0.68,0.04,-8213.32497848,
0.625,0.04,-8211.38245595,
0.685,0.04,-8215.89509808,
0.635,0.04,-8208.50658059,
0.63,0.04,-8209.78445332,
0.64,0.04,-8207.56018313,
0.665,0.04,-8208.2054349,
0.65,0.04,-8206.70772289,
0.655,0.04,-8206.82492073,
0.64,0.04,-8207.56018313,
0.61,0.04,-8217.98515014,
0.685,0.05,-8220.66912147,
0.6,0.05,-8232.0595545,
0.67,0.05,-8215.0789398,
0.625,0.05,-8218.94922076,
0.6,0.05,-8232.0595545,
0.66,0.05,-8213.41129784,
0.65,0.05,-8213.27035216,
0.675,0.05,-8216.51728146,
0.62,0.05,-8221.02313405,
0.665,0.05,-8214.0479343,
0.63,0.05,-8217.17231765,
0.605,0.05,-8228.91193968,
0.66,0.05,-8213.41129784,
0.69,0.05,-8223.40992694,
0.675,0.05,-8216.51728146,
0.625,0.05,-8218.94922076,
0.645,0.05,-8213.74112747,
0.61,0.05,-8226.01586524,
0.605,0.05,-8228.91193968,
0.68,0.05,-8218.37617632,
0.69,0.05,-8223.40992694,
0.68,0.05,-8218.37617632,
0.67,0.05,-8215.0789398,
0.635,0.05,-8215.70410916,
0.62,0.05,-8221.02313405,
0.655,0.05,-8213.15628588,
0.645,0.05,-8213.74112747,
0.685,0.05,-8220.66912147,
0.635,0.05,-8215.70410916,
0.64,0.05,-8214.55640168,
0.65,0.05,-8213.27035216,
0.63,0.05,-8217.17231765,
0.665,0.05,-8214.0479343,
0.655,0.05,-8213.15628588,
0.64,0.05,-8214.55640168,
0.61,0.05,-8226.01586524,
0.6,0.06,-8240.54780872,
0.67,0.06,-8221.08124043,
0.685,0.06,-8225.86714278,
0.6,0.06,-8240.54780872,
0.625,0.06,-8226.8289234,
0.66,0.06,-8219.90614802,
0.65,0.06,-8220.21794771,
0.675,0.06,-8222.25968764,
0.68,0.06,-8223.85031342,
0.62,0.06,-8229.05162391,
0.605,0.06,-8237.30591149,
0.63,0.06,-8224.89019296,
0.625,0.06,-8226.8289234,
0.69,0.06,-8228.32450965,
0.69,0.06,-8228.32450965,
0.665,0.06,-8220.30122545,
0.66,0.06,-8219.90614802,
0.675,0.06,-8222.25968764,
0.61,0.06,-8234.30169668,
0.605,0.06,-8237.30591149,
0.67,0.06,-8221.08124043,
0.635,0.06,-8223.24745796,
0.62,0.06,-8229.05162391,
0.655,0.06,-8219.8827416,
0.645,0.06,-8220.89889949,
0.68,0.06,-8223.85031342,
0.645,0.06,-8220.89889949,
0.635,0.06,-8223.24745796,
0.64,0.06,-8221.91290895,
0.65,0.06,-8220.21794771,
0.685,0.06,-8225.86714278,
0.63,0.06,-8224.89019296,
0.665,0.06,-8220.30122545,
0.655,0.06,-8219.8827416,
0.64,0.06,-8221.91290895,
0.61,0.06,-8234.30169668,
0.6,0.07,-8249.20871833,
0.67,0.07,-8227.49940333,
0.6,0.07,-8249.20871833,
0.685,0.07,-8231.49840321,
0.625,0.07,-8234.99195421,
0.65,0.07,-8227.53639354,
0.675,0.07,-8228.42532918,
0.66,0.07,-8226.79740617,
0.68,0.07,-8229.75347723,
0.69,0.07,-8233.67497611,
0.605,0.07,-8245.89568489,
0.665,0.07,-8226.96143065,
0.69,0.07,-8233.67497611,
0.62,0.07,-8237.34263171,
0.625,0.07,-8234.99195421,
0.63,0.07,-8232.91125642,
0.675,0.07,-8228.42532918,
0.66,0.07,-8226.79740617,
0.61,0.07,-8242.80613069,
0.67,0.07,-8227.49940333,
0.635,0.07,-8231.11278082,
0.605,0.07,-8245.89568489,
0.62,0.07,-8237.34263171,
0.655,0.07,-8226.99357022,
0.635,0.07,-8231.11278082,
0.64,0.07,-8229.60899145,
0.65,0.07,-8227.53639354,
0.645,0.07,-8228.41256637,
0.645,0.07,-8228.41256637,
0.68,0.07,-8229.75347723,
0.665,0.07,-8226.96143065,
0.63,0.07,-8232.91125642,
0.685,0.07,-8231.49840321,
0.655,0.07,-8226.99357022,
0.61,0.07,-8242.80613069,
0.64,0.07,-8229.60899145,
0.6,0.08,-8257.99994261,
0.6,0.08,-8257.99994261,
0.625,0.08,-8243.40288932,
0.65,0.08,-8235.2043243,
0.67,0.08,-8234.32591016,
0.675,0.08,-8235.01023468,
0.685,0.08,-8237.56592266,
0.66,0.08,-8234.07049885,
0.605,0.08,-8254.63960063,
0.665,0.08,-8234.0174874,
0.68,0.08,-8236.08521769,
0.69,0.08,-8239.46774149,
0.66,0.08,-8234.07049885,
0.63,0.08,-8241.20242985,
0.625,0.08,-8243.40288932,
0.62,0.08,-8245.8586802,
0.61,0.08,-8251.48855403,
0.67,0.08,-8234.32591016,
0.69,0.08,-8239.46774149,
0.675,0.08,-8235.01023468,
0.605,0.08,-8254.63960063,
0.635,0.08,-8239.26960967,
0.655,0.08,-8234.47075283,
0.635,0.08,-8239.26960967,
0.64,0.08,-8237.61702516,
0.645,0.08,-8236.25754961,
0.62,0.08,-8245.8586802,
0.63,0.08,-8241.20242985,
0.65,0.08,-8235.2043243,
0.665,0.08,-8234.0174874,
0.645,0.08,-8236.25754961,
0.68,0.08,-8236.08521769,
0.685,0.08,-8237.56592266,
0.64,0.08,-8237.61702516,
0.61,0.08,-8251.48855403,
0.655,0.08,-8234.47075283,
0.6,0.09,-8266.87792422,
0.6,0.09,-8266.87792422,
0.65,0.09,-8243.19327139,
0.625,0.09,-8252.02150006,
0.685,0.09,-8244.0656187,
0.67,0.09,-8241.545695,
0.675,0.09,-8242.00296647,
0.66,0.09,-8241.7033677,
0.66,0.09,-8241.7033677,
0.625,0.09,-8252.02150006,
0.605,0.09,-8263.49402051,
0.665,0.09,-8241.45077813,
0.605,0.09,-8263.49402051,
0.68,0.09,-8242.83776886,
0.69,0.09,-8245.70238908,
0.67,0.09,-8241.545695,
0.63,0.09,-8249.72523364,
0.69,0.09,-8245.70238908,
0.675,0.09,-8242.00296647,
0.62,0.09,-8254.55813787,
0.61,0.09,-8260.30562304,
0.645,0.09,-8244.40247945,
0.655,0.09,-8242.28893588,
0.635,0.09,-8247.68154069,
0.635,0.09,-8247.68154069,
0.63,0.09,-8249.72523364,
0.64,0.09,-8245.90298528,
0.62,0.09,-8254.55813787,
0.665,0.09,-8241.45077813,
0.645,0.09,-8244.40247945,
0.65,0.09,-8243.19327139,
0.68,0.09,-8242.83776886,
0.685,0.09,-8244.0656187,
0.64,0.09,-8245.90298528,
0.61,0.09,-8260.30562304,
0.655,0.09,-8242.28893588,
0.6,0.1,-8275.79943918,
0.6,0.1,-8275.79943918,
0.685,0.1,-8250.98565264,
0.625,0.1,-8260.80407091,
0.65,0.1,-8251.46822405,
0.67,0.1,-8249.13596939,
0.66,0.1,-8249.66665977,
0.675,0.1,-8249.38427392,
0.66,0.1,-8249.66665977,
0.665,0.1,-8249.23513539,
0.625,0.1,-8260.80407091,
0.605,0.1,-8272.41488186,
0.68,0.1,-8249.99554166,
0.67,0.1,-8249.13596939,
0.69,0.1,-8252.37088537,
0.605,0.1,-8272.41488186,
0.63,0.1,-8258.43698655,
0.62,0.1,-8263.396633,
0.61,0.1,-8269.21279685,
0.69,0.1,-8252.37088537,
0.655,0.1,-8250.41580803,
0.645,0.1,-8252.80993404,
0.635,0.1,-8256.30729632,
0.675,0.1,-8249.38427392,
0.63,0.1,-8258.43698655,
0.635,0.1,-8256.30729632,
0.64,0.1,-8254.42735346,
0.62,0.1,-8263.396633,
0.665,0.1,-8249.23513539,
0.645,0.1,-8252.80993404,
0.64,0.1,-8254.42735346,
0.685,0.1,-8250.98565264,
0.68,0.1,-8249.99554166,
0.65,0.1,-8251.46822405,
0.61,0.1,-8269.21279685,
0.655,0.1,-8250.41580803,
0.6,0.11,-8284.723085,
0.6,0.11,-8284.723085,
0.625,0.11,-8269.70492646,
0.685,0.11,-8258.30611154,
0.65,0.11,-8259.98859161,
0.67,0.11,-8257.06646058,
0.605,0.11,-8281.35924234,
0.66,0.11,-8257.92434262,
0.675,0.11,-8257.12714145,
0.66,0.11,-8257.92434262,
0.62,0.11,-8272.32862344,
0.665,0.11,-8257.33727034,
0.605,0.11,-8281.35924234,
0.625,0.11,-8269.70492646,
0.68,0.11,-8257.53498532,
0.67,0.11,-8257.06646058,
0.63,0.11,-8267.29226457,
0.655,0.11,-8258.81289444,
0.69,0.11,-8259.45709284,
0.69,0.11,-8259.45709284,
0.61,0.11,-8278.16591559,
0.675,0.11,-8257.12714145,
0.62,0.11,-8272.32862344,
0.635,0.11,-8265.10209155,
0.645,0.11,-8261.43755504,
0.635,0.11,-8265.10209155,
0.63,0.11,-8267.29226457,
0.64,0.11,-8263.1463691,
0.64,0.11,-8263.1463691,
0.645,0.11,-8261.43755504,
0.665,0.11,-8257.33727034,
0.685,0.11,-8258.30611154,
0.68,0.11,-8257.53498532,
0.61,0.11,-8278.16591559,
0.65,0.11,-8259.98859161,
0.655,0.11,-8258.81289444,
0.6,0.12,-8293.61060659,
0.625,0.12,-8278.67804967,
0.6,0.12,-8293.61060659,
0.67,0.12,-8265.30008276,
0.685,0.12,-8265.99910295,
0.65,0.12,-8268.70950633,
0.605,0.12,-8290.28670617,
0.675,0.12,-8265.19727133,
0.66,0.12,-8266.43472258,
0.63,0.12,-8276.24450651,
0.67,0.12,-8265.30008276,
0.66,0.12,-8266.43472258,
0.62,0.12,-8281.309002,
0.68,0.12,-8265.42487689,
0.665,0.12,-8265.71762368,
0.605,0.12,-8290.28670617,
0.625,0.12,-8278.67804967,
0.675,0.12,-8265.19727133,
0.655,0.12,-8267.4367266,
0.61,0.12,-8287.12270804,
0.635,0.12,-8274.01920118,
0.69,0.12,-8266.93667221,
0.62,0.12,-8281.309002,
0.69,0.12,-8266.93667221,
0.64,0.12,-8272.01353257,
0.645,0.12,-8270.23946229,
0.635,0.12,-8274.01920118,
0.645,0.12,-8270.23946229,
0.63,0.12,-8276.24450651,
0.665,0.12,-8265.71762368,
0.64,0.12,-8272.01353257,
0.685,0.12,-8265.99910295,
0.68,0.12,-8265.42487689,
0.61,0.12,-8287.12270804,
0.65,0.12,-8268.70950633,
0.655,0.12,-8267.4367266,
0.67,0.13,-8273.7940118,
0.625,0.13,-8287.67867172,
0.6,0.13,-8302.42798447,
0.6,0.13,-8302.42798447,
0.685,0.13,-8274.02929402,
0.605,0.13,-8299.16064343,
0.65,0.13,-8277.58337054,
0.675,0.13,-8273.55399223,
0.63,0.13,-8285.24764532,
0.66,0.13,-8275.15179907,
0.67,0.13,-8273.7940118,
0.66,0.13,-8275.15179907,
0.62,0.13,-8290.29462216,
0.665,0.13,-8274.33158996,
0.68,0.13,-8273.62704994,
0.62,0.13,-8290.29462216,
0.635,0.13,-8283.01160832,
0.655,0.13,-8276.24030495,
0.605,0.13,-8299.16064343,
0.61,0.13,-8296.04412956,
0.675,0.13,-8273.55399223,
0.625,0.13,-8287.67867172,
0.69,0.13,-8274.77742566,
0.645,0.13,-8279.16786046,
0.69,0.13,-8274.77742566,
0.64,0.13,-8280.98124571,
0.685,0.13,-8274.02929402,
0.64,0.13,-8280.98124571,
0.635,0.13,-8283.01160832,
0.63,0.13,-8285.24764532,
0.61,0.13,-8296.04412956,
0.665,0.13,-8274.33158996,
0.645,0.13,-8279.16786046,
0.68,0.13,-8273.62704994,
0.65,0.13,-8277.58337054,
0.655,0.13,-8276.24030495,
0.67,0.14,-8282.50109053,
0.625,0.14,-8296.66472629,
0.6,0.14,-8311.14623892,
0.6,0.14,-8311.14623892,
0.605,0.14,-8307.94914244,
0.685,0.14,-8282.35487796,
0.63,0.14,-8294.25765047,
0.65,0.14,-8286.56153072,
0.675,0.14,-8282.1515376,
0.62,0.14,-8299.24564656,
0.66,0.14,-8284.02685461,
0.67,0.14,-8282.50109053,
0.66,0.14,-8284.02685461,
0.68,0.14,-8282.09752589,
0.665,0.14,-8283.13102724,
0.635,0.14,-8292.03361472,
0.62,0.14,-8299.24564656,
0.655,0.14,-8285.17474379,
0.605,0.14,-8307.94914244,
0.645,0.14,-8288.17471657,
0.61,0.14,-8304.89545657,
0.675,0.14,-8282.1515376,
0.625,0.14,-8296.66472629,
0.69,0.14,-8282.94008391,
0.685,0.14,-8282.35487796,
0.64,0.14,-8290.00246769,
0.69,0.14,-8282.94008391,
0.635,0.14,-8292.03361472,
0.61,0.14,-8304.89545657,
0.64,0.14,-8290.00246769,
0.63,0.14,-8294.25765047,
0.665,0.14,-8283.13102724,
0.645,0.14,-8288.17471657,
0.68,0.14,-8282.09752589,
0.65,0.14,-8286.56153072,
0.655,0.14,-8285.17474379,
0.67,0.15,-8291.37146047,
0.6,0.15,-8319.74193309,
0.625,0.15,-8305.59808416,
0.6,0.15,-8319.74193309,
0.605,0.15,-8316.62566453,
0.685,0.15,-8290.92890581,
0.675,0.15,-8290.94060148,
0.65,0.15,-8295.59595675,
0.63,0.15,-8303.23388582,
0.66,0.15,-8293.01016131,
0.66,0.15,-8293.01016131,
0.635,0.15,-8301.0423072,
0.605,0.15,-8316.62566453,
0.62,0.15,-8308.12664661,
0.62,0.15,-8308.12664661,
0.665,0.15,-8292.06593921,
0.625,0.15,-8305.59808416,
0.675,0.15,-8290.94060148,
0.67,0.15,-8291.37146047,
0.68,0.15,-8290.78796923,
0.655,0.15,-8294.19097665,
0.69,0.15,-8291.37949351,
0.61,0.15,-8313.6470933,
0.645,0.15,-8297.21338953,
0.635,0.15,-8301.0423072,
0.64,0.15,-8299.03227291,
0.69,0.15,-8291.37949351,
0.685,0.15,-8290.92890581,
0.63,0.15,-8303.23388582,
0.64,0.15,-8299.03227291,
0.665,0.15,-8292.06593921,
0.68,0.15,-8290.78796923,
0.61,0.15,-8313.6470933,
0.645,0.15,-8297.21338953,
0.65,0.15,-8295.59595675,
0.655,0.15,-8294.19097665,
0.67,0.16,-8300.35429943,
0.605,0.16,-8325.16939788,
0.625,0.16,-8314.44551166,
0.6,0.16,-8328.19738299,
0.6,0.16,-8328.19738299,
0.685,0.16,-8299.70088702,
0.675,0.16,-8299.8700563,
0.66,0.16,-8302.05268222,
0.65,0.16,-8304.64081402,
0.665,0.16,-8301.08620695,
0.63,0.16,-8312.14021308,
0.655,0.16,-8303.24140373,
0.68,0.16,-8299.64735969,
0.62,0.16,-8316.90741054,
0.69,0.16,-8300.04612087,
0.675,0.16,-8299.8700563,
0.66,0.16,-8302.05268222,
0.61,0.16,-8322.27507483,
0.605,0.16,-8325.16939788,
0.635,0.16,-8309.99879807,
0.62,0.16,-8316.90741054,
0.67,0.16,-8300.35429943,
0.625,0.16,-8314.44551166,
0.645,0.16,-8306.24010753,
0.64,0.16,-8308.02921693,
0.635,0.16,-8309.99879807,
0.68,0.16,-8299.64735969,
0.69,0.16,-8300.04612087,
0.665,0.16,-8301.08620695,
0.685,0.16,-8299.70088702,
0.63,0.16,-8312.14021308,
0.645,0.16,-8306.24010753,
0.64,0.16,-8308.02921693,
0.61,0.16,-8322.27507483,
0.67,0.17,-8309.39954375,
0.65,0.16,-8304.64081402,
0.655,0.16,-8303.24140373,
0.685,0.17,-8308.61854167,
0.605,0.17,-8333.56532991,
0.6,0.17,-8336.50060286,
0.625,0.17,-8323.17932579,
0.6,0.17,-8336.50060286,
0.62,0.17,-8325.56344581,
0.655,0.17,-8312.28137942,
0.675,0.17,-8308.88871002,
0.68,0.17,-8308.62375959,
0.69,0.17,-8308.88776333,
0.66,0.17,-8311.1076567,
0.65,0.17,-8313.6538367,
0.665,0.17,-8310.14325338,
0.61,0.17,-8330.76127587,
0.635,0.17,-8318.86918521,
0.63,0.17,-8320.94580054,
0.675,0.17,-8308.88871002,
0.605,0.17,-8333.56532991,
0.66,0.17,-8311.1076567,
0.62,0.17,-8325.56344581,
0.67,0.17,-8309.39954375,
0.625,0.17,-8323.17932579,
0.645,0.17,-8315.21521346,
0.645,0.17,-8315.21521346,
0.64,0.17,-8316.95644317,
0.68,0.17,-8308.62375959,
0.635,0.17,-8318.86918521,
0.69,0.17,-8308.88776333,
0.665,0.17,-8310.14325338,
0.685,0.17,-8308.61854167,
0.63,0.17,-8320.94580054,
0.64,0.17,-8316.95644317,
0.61,0.17,-8330.76127587,
0.67,0.18,-8318.45948617,
0.65,0.17,-8313.6538367,
0.685,0.18,-8317.62958167,
0.655,0.17,-8312.28137942,
0.6,0.18,-8344.64502721,
0.62,0.18,-8334.07618576,
0.625,0.18,-8331.77774524,
0.605,0.18,-8341.80407377,
0.6,0.18,-8344.64502721,
0.655,0.18,-8321.27046192,
0.675,0.18,-8317.94698644,
0.69,0.18,-8317.85134503,
0.65,0.18,-8322.59743679,
0.68,0.18,-8317.66605601,
0.66,0.18,-8320.13198021,
0.635,0.18,-8327.62520637,
0.665,0.18,-8319.19153997,
0.61,0.18,-8339.09335369,
0.63,0.18,-8329.62562396,
0.67,0.18,-8318.45948617,
0.675,0.18,-8317.94698644,
0.605,0.18,-8341.80407377,
0.66,0.18,-8320.13198021,
0.62,0.18,-8334.07618576,
0.625,0.18,-8331.77774524,
0.68,0.18,-8317.66605601,
0.635,0.18,-8327.62520637,
0.645,0.18,-8324.10412595,
0.645,0.18,-8324.10412595,
0.64,0.18,-8325.78249143,
0.64,0.18,-8325.78249143,
0.63,0.18,-8329.62562396,
0.665,0.18,-8319.19153997,
0.69,0.18,-8317.85134503,
0.685,0.18,-8317.62958167,
0.61,0.18,-8339.09335369,
0.65,0.18,-8322.59743679,
0.67,0.19,-8327.49016158,
0.685,0.19,-8326.68340635,
0.655,0.18,-8321.27046192,
0.6,0.19,-8352.6290585,
0.62,0.19,-8342.43292994,
0.625,0.19,-8340.224958,
0.655,0.19,-8330.17337489,
0.605,0.19,-8349.88149522,
0.6,0.19,-8352.6290585,
0.65,0.19,-8331.43951221,
0.675,0.19,-8326.99843073,
0.69,0.19,-8326.88467814,
0.635,0.19,-8336.24458801,
0.68,0.19,-8326.72557042,
0.66,0.19,-8329.0873154,
0.61,0.19,-8347.26446711,
0.665,0.19,-8328.18982023,
0.675,0.19,-8326.99843073,
0.67,0.19,-8327.49016158,
0.63,0.19,-8338.16067095,
0.605,0.19,-8349.88149522,
0.62,0.19,-8342.43292994,
0.66,0.19,-8329.0873154,
0.625,0.19,-8340.224958,
0.645,0.19,-8332.87799244,
0.635,0.19,-8336.24458801,
0.68,0.19,-8326.72557042,
0.645,0.19,-8332.87799244,
0.64,0.19,-8334.48179707,
0.64,0.19,-8334.48179707,
0.685,0.19,-8326.68340635,
0.665,0.19,-8328.18982023,
0.63,0.19,-8338.16067095,
0.69,0.19,-8326.88467814,
0.61,0.19,-8347.26446711,
0.67,0.2,-8336.45246,
0.65,0.19,-8331.43951221,
0.685,0.2,-8335.73261631,
0.6,0.2,-8360.45549109,
0.655,0.19,-8330.17337489,
0.625,0.2,-8348.51094192,
0.62,0.2,-8350.62655974,
0.655,0.2,-8338.96065914,
0.605,0.2,-8357.79818999,
0.6,0.2,-8360.45549109,
0.65,0.2,-8340.15394402,
0.635,0.2,-8344.71111014,
0.675,0.2,-8336.00096643,
0.69,0.2,-8335.93808374,
0.68,0.2,-8335.75745022,
0.675,0.2,-8336.00096643,
0.605,0.2,-8357.79818999,
0.665,0.2,-8337.10210177,
0.66,0.2,-8337.9408996,
0.61,0.2,-8355.27282028,
0.63,0.2,-8346.53787826,
0.67,0.2,-8336.45246,
0.62,0.2,-8350.62655974,
0.66,0.2,-8337.9408996,
0.635,0.2,-8344.71111014,
0.64,0.2,-8343.03489273,
0.68,0.2,-8335.75745022,
0.625,0.2,-8348.51094192,
0.645,0.2,-8341.51403568,
0.64,0.2,-8343.03489273,
0.685,0.2,-8335.73261631,
0.645,0.2,-8341.51403568,
0.665,0.2,-8337.10210177,
0.63,0.2,-8346.53787826,
0.69,0.2,-8335.93808374,
0.61,0.2,-8355.27282028,
0.65,0.2,-8340.15394402,
0.685,0.21,-8344.7342742,
0.67,0.21,-8345.31293362,
0.62,0.21,-8358.65507816,
0.605,0.21,-8365.55886168,
0.6,0.21,-8368.13085984,
0.65,0.21,-8348.72079556,
0.655,0.2,-8338.96065914,
0.625,0.21,-8356.63108433,
0.635,0.21,-8353.01442367,
0.655,0.21,-8347.60901681,
0.68,0.21,-8344.72178377,
0.6,0.21,-8368.13085984,
0.675,0.21,-8344.91785823,
0.69,0.21,-8344.96578933,
0.63,0.21,-8354.74984405,
0.675,0.21,-8344.91785823,
0.61,0.21,-8363.12108181,
0.665,0.21,-8345.89829675,
0.66,0.21,-8346.6660401,
0.605,0.21,-8365.55886168,
0.67,0.21,-8345.31293362,
0.66,0.21,-8346.6660401,
0.64,0.21,-8351.42834267,
0.635,0.21,-8353.01442367,
0.62,0.21,-8358.65507816,
0.68,0.21,-8344.72178377,
0.625,0.21,-8356.63108433,
0.64,0.21,-8351.42834267,
0.685,0.21,-8344.7342742,
0.645,0.21,-8349.99561571,
0.645,0.21,-8349.99561571,
0.665,0.21,-8345.89829675,
0.63,0.21,-8354.74984405,
0.61,0.21,-8363.12108181,
0.69,0.21,-8344.96578933,
0.685,0.22,-8353.65086849,
0.65,0.21,-8348.72079556,
0.6,0.22,-8375.66475648,
0.62,0.22,-8366.52102439,
0.67,0.22,-8354.0442905,
0.605,0.22,-8373.17164614,
0.655,0.21,-8347.60901681,
0.65,0.22,-8357.12624388,
0.655,0.22,-8356.10137074,
0.635,0.22,-8361.1496665,
0.625,0.22,-8364.5856508,
0.6,0.22,-8375.66475648,
0.68,0.22,-8353.58440724,
0.675,0.22,-8353.71836139,
0.69,0.22,-8353.92704613,
0.63,0.22,-8362.79436381,
0.675,0.22,-8353.71836139,
0.66,0.22,-8355.24231097,
0.61,0.22,-8370.8157278,
0.665,0.22,-8354.55456398,
0.62,0.22,-8366.52102439,
0.605,0.22,-8373.17164614,
0.67,0.22,-8354.0442905,
0.625,0.22,-8364.5856508,
0.66,0.22,-8355.24231097,
0.64,0.22,-8359.65445175,
0.645,0.22,-8358.31204423,
0.635,0.22,-8361.1496665,
0.64,0.22,-8359.65445175,
0.68,0.22,-8353.58440724,
0.685,0.22,-8353.65086849,
0.665,0.22,-8354.55456398,
0.645,0.22,-8358.31204423,
0.63,0.22,-8362.79436381,
0.6,0.23,-8383.0691498,
0.69,0.22,-8353.92704613,
0.61,0.22,-8370.8157278,
0.62,0.23,-8374.23081115,
0.685,0.23,-8362.45096259,
0.65,0.22,-8357.12624388,
0.655,0.23,-8364.426676,
0.67,0.23,-8362.62558939,
0.605,0.23,-8380.64742235,
0.65,0.23,-8365.36228567,
0.655,0.22,-8356.10137074,
0.625,0.23,-8372.37915283,
0.635,0.23,-8369.11692808,
0.68,0.23,-8362.3173974,
0.6,0.23,-8383.0691498,
0.675,0.23,-8362.37806236,
0.62,0.23,-8374.23081115,
0.625,0.23,-8372.37915283,
0.69,0.23,-8362.78693663,
0.66,0.23,-8363.65548194,
0.675,0.23,-8362.37806236,
0.63,0.23,-8370.67384029,
0.61,0.23,-8378.36635162,
0.66,0.23,-8363.65548194,
0.665,0.23,-8363.05336608,
0.605,0.23,-8380.64742235,
0.67,0.23,-8362.62558939,
0.64,0.23,-8367.7107975,
0.64,0.23,-8367.7107975,
0.645,0.23,-8366.45819718,
0.635,0.23,-8369.11692808,
0.645,0.23,-8366.45819718,
0.68,0.23,-8362.3173974,
0.685,0.23,-8362.45096259,
0.665,0.23,-8363.05336608,
0.62,0.24,-8381.79402833,
0.6,0.24,-8390.35773793,
0.63,0.23,-8370.67384029,
0.61,0.23,-8378.36635162,
0.69,0.23,-8362.78693663,
0.655,0.24,-8372.57952935,
0.685,0.24,-8371.10953465,
0.65,0.23,-8365.36228567,
0.67,0.24,-8371.04216667,
0.605,0.24,-8387.99914179,
0.65,0.24,-8373.42626584,
0.625,0.24,-8380.0196605,
0.655,0.23,-8364.426676,
0.635,0.24,-8376.92061234,
0.675,0.24,-8370.87893422,
0.68,0.24,-8370.89926511,
0.625,0.24,-8380.0196605,
0.6,0.24,-8390.35773793,
0.675,0.24,-8370.87893422,
0.63,0.24,-8378.39461558,
0.62,0.24,-8381.79402833,
0.69,0.24,-8371.51686707,
0.66,0.24,-8371.89722154,
0.61,0.24,-8385.78497696,
0.66,0.24,-8371.89722154,
0.665,0.24,-8371.38327854,
0.605,0.24,-8387.99914179,
0.67,0.24,-8371.04216667,
0.645,0.24,-8374.43397546,
0.64,0.24,-8375.59963579,
0.68,0.24,-8370.89926511,
0.64,0.24,-8375.59963579,
0.645,0.24,-8374.43397546,
0.635,0.24,-8376.92061234,
0.6,0.25,-8397.54535337,
0.685,0.24,-8371.10953465,
0.665,0.24,-8371.38327854,
0.62,0.25,-8389.22274902,
0.63,0.24,-8378.39461558,
0.61,0.24,-8385.78497696,
0.655,0.25,-8380.55962645,
0.69,0.24,-8371.51686707,
0.685,0.25,-8379.60803215,
0.65,0.24,-8373.42626584,
0.605,0.25,-8395.2412011,
0.67,0.25,-8379.28533721,
0.625,0.25,-8387.51809998,
0.65,0.25,-8381.32027907,
0.655,0.24,-8372.57952935,
0.635,0.25,-8384.56874469,
0.675,0.25,-8379.20914401,
0.625,0.25,-8387.51809998,
0.6,0.25,-8397.54535337,
0.68,0.25,-8379.31488093,
0.675,0.25,-8379.20914401,
0.63,0.25,-8385.9662687,
0.62,0.25,-8389.22274902,
0.66,0.25,-8379.96462266,
0.69,0.25,-8380.0947607,
0.61,0.25,-8393.08540252,
0.66,0.25,-8379.96462266,
0.665,0.25,-8379.53859663,
0.605,0.25,-8395.2412011,
0.67,0.25,-8379.28533721,
0.645,0.25,-8382.24366327,
0.64,0.25,-8383.32722783,
0.64,0.25,-8383.32722783,
0.68,0.25,-8379.31488093,
0.635,0.25,-8384.56874469,
0.645,0.25,-8382.24366327,
0.6,0.26,-8404.64743401,
0.685,0.25,-8379.60803215,
0.665,0.25,-8379.53859663,
0.62,0.26,-8396.53086687,
0.63,0.25,-8385.9662687,
0.655,0.26,-8388.3711159,
0.61,0.25,-8393.08540252,
0.69,0.25,-8380.0947607,
0.685,0.26,-8387.93417825,
0.65,0.25,-8381.32027907,
0.605,0.26,-8402.38887494,
0.67,0.26,-8387.35191734,
0.625,0.26,-8394.88756861,
0.65,0.26,-8389.05049212,
0.655,0.25,-8380.55962645,
0.635,0.26,-8392.07226335,
0.625,0.26,-8394.88756861,
0.675,0.26,-8387.36265757,
0.675,0.26,-8387.36265757,
0.68,0.26,-8387.55517448,
0.6,0.26,-8404.64743401,
0.63,0.26,-8393.4009149,
0.66,0.26,-8387.85960037,
0.62,0.26,-8396.53086687,
0.69,0.26,-8388.50498284,
0.61,0.26,-8400.28259914,
0.66,0.26,-8387.85960037,
0.665,0.26,-8387.51878942,
0.605,0.26,-8402.38887494,
0.67,0.26,-8387.35191734,
0.635,0.26,-8392.07226335,
0.64,0.26,-8390.90313187,
0.64,0.26,-8390.90313187,
0.68,0.26,-8387.55517448,
0.645,0.26,-8389.89522983,
0.645,0.26,-8389.89522983,
0.685,0.26,-8387.93417825,
0.6,0.27,-8411.6795673,
0.665,0.26,-8387.51878942,
0.62,0.27,-8403.73348555,
0.63,0.26,-8393.4009149,
0.655,0.27,-8396.02189601,
0.69,0.26,-8388.50498284,
0.61,0.26,-8400.28259914,
0.685,0.27,-8396.08157529,
0.605,0.27,-8409.45781915,
0.65,0.26,-8389.05049212,
0.67,0.27,-8395.2436195,
0.625,0.27,-8402.14269248,
0.65,0.27,-8396.62642992,
0.655,0.26,-8388.3711159,
0.625,0.27,-8402.14269248,
0.635,0.27,-8399.44432751,
0.675,0.27,-8395.33869094,
0.675,0.27,-8395.33869094,
0.68,0.27,-8395.61665546,
0.63,0.27,-8400.71253585,
0.66,0.27,-8395.58820977,
0.6,0.27,-8411.6795673,
0.62,0.27,-8403.73348555,
0.66,0.27,-8395.58820977,
0.61,0.27,-8407.39217311,
0.69,0.27,-8396.73803965,
0.665,0.27,-8395.32784997,
0.605,0.27,-8409.45781915,
0.67,0.27,-8395.2436195,
0.635,0.27,-8399.44432751,
0.64,0.27,-8398.33949614,
0.68,0.27,-8395.61665546,
0.64,0.27,-8398.33949614,
0.645,0.27,-8397.39961462,
0.6,0.28,-8418.65710958,
0.685,0.27,-8396.08157529,
0.645,0.27,-8397.39961462,
0.665,0.27,-8395.32784997,
0.62,0.28,-8410.84637463,
0.63,0.27,-8400.71253585,
0.655,0.28,-8403.52289418,
0.69,0.27,-8396.73803965,
0.61,0.27,-8407.39217311,
0.685,0.28,-8404.04915427,
0.605,0.28,-8416.463649,
0.67,0.28,-8402.96636597,
0.65,0.27,-8396.62642992,
0.625,0.28,-8409.29904401,
0.65,0.28,-8404.06026228,
0.625,0.28,-8409.29904401,
0.655,0.27,-8396.02189601,
0.675,0.28,-8403.14105719,
0.635,0.28,-8406.69966767,
0.675,0.28,-8403.14105719,
0.66,0.28,-8403.15992686,
0.68,0.28,-8403.50080557,
0.63,0.28,-8407.91636178,
0.6,0.28,-8418.65710958,
0.62,0.28,-8410.84637463,
0.66,0.28,-8403.15992686,
0.61,0.28,-8414.42990295,
0.69,0.28,-8404.79009792,
0.665,0.28,-8402.97358743,
0.67,0.28,-8402.96636597,
0.605,0.28,-8416.463649,
0.68,0.28,-8403.50080557,
0.645,0.28,-8404.77002895,
0.635,0.28,-8406.69966767,
0.64,0.28,-8405.65038201,
0.6,0.29,-8425.59487853,
0.64,0.28,-8405.65038201,
0.685,0.28,-8404.04915427,
0.645,0.28,-8404.77002895,
0.665,0.28,-8402.97358743,
0.62,0.29,-8417.885499,
0.69,0.28,-8404.79009792,
0.63,0.28,-8407.91636178,
0.655,0.29,-8410.8873621,
0.67,0.29,-8410.52956484,
0.61,0.28,-8414.42990295,
0.685,0.29,-8411.84051888,
0.605,0.29,-8423.42159222,
0.65,0.28,-8404.06026228,
0.625,0.29,-8416.37263041,
0.625,0.29,-8416.37263041,
0.675,0.29,-8410.77745423,
0.635,0.29,-8413.85399598,
0.68,0.29,-8411.21338871,
0.65,0.29,-8411.36612027,
0.655,0.28,-8403.52289418,
0.63,0.29,-8415.02831984,
0.675,0.29,-8410.77745423,
0.66,0.29,-8410.58692924,
0.6,0.29,-8425.59487853,
0.62,0.29,-8417.885499,
0.665,0.29,-8410.46690093,
0.66,0.29,-8410.58692924,
0.61,0.29,-8421.41135184,
0.67,0.29,-8410.52956484,
0.69,0.29,-8412.66237501,
0.645,0.29,-8412.02129925,
0.6,0.3,-8432.50691377,
0.605,0.29,-8423.42159222,
0.68,0.29,-8411.21338871,
0.635,0.29,-8413.85399598,
0.64,0.29,-8412.85113888,
0.64,0.29,-8412.85113888,
0.685,0.29,-8411.84051888,
0.665,0.29,-8410.46690093,
0.645,0.29,-8412.02129925,
0.69,0.29,-8412.66237501,
0.62,0.3,-8424.86662467,
0.67,0.3,-8417.94538496,
0.61,0.29,-8421.41135184,
0.685,0.3,-8419.46322941,
0.63,0.29,-8415.02831984,
0.655,0.3,-8418.13021211,
0.605,0.3,-8430.34621336,
0.625,0.3,-8423.37945775,
0.65,0.29,-8411.36612027,
0.625,0.3,-8423.37945775,
0.675,0.3,-8418.25873352,
0.635,0.3,-8420.92348737,
0.68,0.3,-8418.76372239,
0.65,0.3,-8418.559464,
0.63,0.3,-8422.06455655,
0.655,0.29,-8410.8873621,
0.66,0.3,-8417.8834058,
0.675,0.3,-8418.25873352,
0.6,0.3,-8432.50691377,
0.62,0.3,-8424.86662467,
0.665,0.3,-8417.82106852,
0.61,0.3,-8428.35155394,
0.67,0.3,-8417.94538496,
0.66,0.3,-8417.8834058,
0.69,0.3,-8420.36044599,
0.645,0.3,-8419.16927015,
0.605,0.3,-8430.34621336,
0.64,0.3,-8419.95784535,
0.635,0.3,-8420.92348737,
0.69,0.3,-8420.36044599,
0.64,0.3,-8419.95784535,
0.68,0.3,-8418.76372239,
0.665,0.3,-8417.82106852,
0.685,0.3,-8419.46322941,
0.61,0.3,-8428.35155394,
0.645,0.3,-8419.16927015,
0.65,0.3,-8418.559464,
0.63,0.3,-8422.06455655,
0.655,0.3,-8418.13021211,
