8,1,31,26,0.5,0.5,-2.16615516785,-39.5093892919,0.342670612813,0.000403225806452
4,1,31,25,0.5,0.5,-2.16615516785,-38.8162421114,0.342670612813,0.000403225806452
9,1,31,24,0.5,0.5,-2.16615516785,-38.1230949308,0.342670612813,0.000403225806452
3,1,24,29,0.500002901595,0.500001857021,-2.16609196558,-36.7368191403,0.342672601396,0.00040338846309
5,1,26,31,0.5,0.5,-2.16615516785,-39.5093892919,0.342670612813,0.000403225806452
9,1,31,24,0.5,0.5,-2.16615516785,-38.1230949308,0.342670612813,0.000403225806452
5,1,26,31,0.5,0.5,-2.16615516785,-39.5093892919,0.342670612813,0.000403225806452
1,1,26,28,0.5,0.5,-2.16615516785,-37.4299477502,0.342670612813,0.000403225806452
6,1,32,27,0.500002901595,0.500001857021,-2.16609196558,-40.8956650832,0.342672601396,0.00040338846309
4,1,31,25,0.5,0.5,-2.16615516785,-38.8162421114,0.342670612813,0.000403225806452
10,1,29,24,0.5,0.5,-2.16615516785,-36.7368005697,0.342670612813,0.000403225806452
7,1,29,25,0.5,0.5,-2.16615516785,-37.4299477502,0.342670612813,0.000403225806452
2,1,25,29,0.5,0.5,-2.16615516785,-37.4299477502,0.342670612813,0.000403225806452
10,1,29,24,0.5,0.5,-2.16615516785,-36.7368005697,0.342670612813,0.000403225806452
3,1,24,29,0.500002901595,0.500001857021,-2.16609196558,-36.7368191403,0.342672601396,0.00040338846309
6,1,32,27,0.500002901595,0.500001857021,-2.16609196558,-40.8956650832,0.342672601396,0.00040338846309
8,1,31,26,0.5,0.5,-2.16615516785,-39.5093892919,0.342670612813,0.000403225806452
7,1,29,25,0.5,0.5,-2.16615516785,-37.4299477502,0.342670612813,0.000403225806452
1,1,26,28,0.5,0.5,-2.16615516785,-37.4299477502,0.342670612813,0.000403225806452
2,1,25,29,0.5,0.5,-2.16615516785,-37.4299477502,0.342670612813,0.000403225806452
8,2,10,47,0.305816155989,0.375722339833,-1.9444014741,-71.4429598989,0.561979805014,0.000661290322581
4,2,29,27,0.75504178273,0.663226740947,-1.9444014741,-80.1100801187,0.561979805014,0.000661290322581
9,2,5,50,0.694183844011,0.624277660167,-1.9444014741,-89.4241384515,0.561979805014,0.000661290322581
3,2,39,14,0.362929031189,0.412274579961,-1.94437612371,-78.7343170411,0.561980979069,0.000661386330274
5,2,48,9,0.305816155989,0.375722339833,-1.9444014741,-90.7372632455,0.561979805014,0.000661290322581
9,2,5,50,0.694183844011,0.624277660167,-1.9444014741,-89.4241384515,0.561979805014,0.000661290322581
5,2,48,9,0.305816155989,0.375722339833,-1.9444014741,-90.7372632455,0.561979805014,0.000661290322581
1,2,7,47,0.24495821727,0.336773259053,-1.9444014741,-64.3483682079,0.561979805014,0.000661290322581
6,2,41,17,0.244956639882,0.336772249524,-1.94437612371,-92.4987754156,0.561980979069,0.000661386330274
4,2,29,27,0.75504178273,0.663226740947,-1.9444014741,-80.1100801187,0.561979805014,0.000661290322581
10,2,23,30,0.694183844011,0.624277660167,-1.9444014741,-76.9406275094,0.561979805014,0.000661290322581
7,2,3,51,0.694183844011,0.624277660167,-1.9444014741,-88.7675760545,0.561979805014,0.000661290322581
10,2,23,30,0.694183844011,0.624277660167,-1.9444014741,-76.9406275094,0.561979805014,0.000661290322581
2,2,5,49,0.694183844011,0.624277660167,-1.9444014741,-87.7520864047,0.561979805014,0.000661290322581
3,2,39,14,0.362929031189,0.412274579961,-1.94437612371,-78.7343170411,0.561980979069,0.000661386330274
6,2,41,17,0.244956639882,0.336772249524,-1.94437612371,-92.4987754156,0.561980979069,0.000661386330274
1,2,7,47,0.24495821727,0.336773259053,-1.9444014741,-64.3483682079,0.561979805014,0.000661290322581
7,2,3,51,0.694183844011,0.624277660167,-1.9444014741,-88.7675760545,0.561979805014,0.000661290322581
8,2,10,47,0.305816155989,0.375722339833,-1.9444014741,-71.4429598989,0.561979805014,0.000661290322581
2,2,5,49,0.694183844011,0.624277660167,-1.9444014741,-87.7520864047,0.561979805014,0.000661290322581
4,3,43,13,0.838666702506,0.716746689604,-1.52112618452,-110.828868207,0.694820355786,0.000909639910302
8,3,12,45,0.5,0.5,-2.34494172653,-110.952349191,0.269231701654,0.00115959184574
9,3,29,25,0.185947899763,0.299006655848,-1.39812283751,-133.31695454,0.738170640269,0.00101857058373
3,3,41,12,0.573809764066,0.547238249002,-2.375912085,-112.960699416,0.245362147339,0.0010797797275
5,3,45,12,0.5,0.5,-2.34494172653,-130.246652537,0.269231701654,0.00115959184574
9,3,29,25,0.185947899763,0.299006655848,-1.39812283751,-133.31695454,0.738170640269,0.00101857058373
5,3,45,12,0.5,0.5,-2.34494172653,-130.246652537,0.269231701654,0.00115959184574
6,3,52,6,0.590357473101,0.557828782785,-2.28062272586,-127.747690669,0.300370877872,0.00134303042311
1,3,44,10,0.590354470081,0.557826860852,-2.2806782137,-98.1919983669,0.300369349951,0.00134263459892
4,3,43,13,0.838666702506,0.716746689604,-1.52112618452,-110.828868207,0.694820355786,0.000909639910302
7,3,51,3,0.908539018778,0.761464972018,-1.39812283751,-106.965359814,0.738170640269,0.00101857058373
10,3,27,26,0.185947899763,0.299006655848,-1.39812283751,-118.774121594,0.738170640269,0.00101857058373
10,3,27,26,0.185947899763,0.299006655848,-1.39812283751,-118.774121594,0.738170640269,0.00101857058373
2,3,44,10,0.908539018778,0.761464972018,-1.39812283751,-114.074966201,0.738170640269,0.00101857058373
1,3,44,10,0.590354470081,0.557826860852,-2.2806782137,-98.1919983669,0.300369349951,0.00134263459892
3,3,41,12,0.573809764066,0.547238249002,-2.375912085,-112.960699416,0.245362147339,0.0010797797275
6,3,52,6,0.590357473101,0.557828782785,-2.28062272586,-127.747690669,0.300370877872,0.00134303042311
7,3,51,3,0.908539018778,0.761464972018,-1.39812283751,-106.965359814,0.738170640269,0.00101857058373
8,3,12,45,0.5,0.5,-2.34494172653,-110.952349191,0.269231701654,0.00115959184574
2,3,44,10,0.908539018778,0.761464972018,-1.39812283751,-114.074966201,0.738170640269,0.00101857058373
4,4,6,50,0.867902745308,0.735457756997,-1.10934572584,-179.160157834,0.794914995783,0.00122726948965
8,4,44,13,0.452400021984,0.46953601407,-2.12318803278,-152.458843068,0.441539990712,0.00190173062702
9,4,8,46,0.542891450815,0.527450528522,-2.0892689311,-172.916746618,0.444373771117,0.00202778006614
3,4,24,29,0.372906289219,0.4186600251,-2.21607935168,-149.587572058,0.367658805255,0.00157114697468
5,4,6,51,0.547599978016,0.53046398593,-2.12318803278,-172.607195875,0.441539990712,0.00190173062702
9,4,8,46,0.542891450815,0.527450528522,-2.0892689311,-172.916746618,0.444373771117,0.00202778006614
5,4,6,51,0.547599978016,0.53046398593,-2.12318803278,-172.607195875,0.441539990712,0.00190173062702
6,4,4,54,0.547599235442,0.530463510683,-2.12316801289,-171.108207341,0.44154071546,0.00190190491005
1,4,9,45,0.190373791903,0.301839226818,-2.12318803278,-125.141509341,0.441539990712,0.00190173062702
7,4,29,25,0.149856695933,0.275908285397,-1.10934572584,-152.379206504,0.794914995783,0.00122726948965
4,4,6,50,0.867902745308,0.735457756997,-1.10934572584,-179.160157834,0.794914995783,0.00122726948965
10,4,4,49,0.542891450815,0.527450528522,-2.0892689311,-158.063951368,0.444373771117,0.00202778006614
2,4,34,20,0.149856695933,0.275908285397,-1.10934572584,-164.313060645,0.794914995783,0.00122726948965
10,4,4,49,0.542891450815,0.527450528522,-2.0892689311,-158.063951368,0.444373771117,0.00202778006614
1,4,9,45,0.190373791903,0.301839226818,-2.12318803278,-125.141509341,0.441539990712,0.00190173062702
3,4,24,29,0.372906289219,0.4186600251,-2.21607935168,-149.587572058,0.367658805255,0.00157114697468
7,4,29,25,0.149856695933,0.275908285397,-1.10934572584,-152.379206504,0.794914995783,0.00122726948965
6,4,4,54,0.547599235442,0.530463510683,-2.12316801289,-171.108207341,0.44154071546,0.00190190491005
8,4,44,13,0.452400021984,0.46953601407,-2.12318803278,-152.458843068,0.441539990712,0.00190173062702
2,4,34,20,0.149856695933,0.275908285397,-1.10934572584,-164.313060645,0.794914995783,0.00122726948965
4,5,6,50,0.0604657791084,0.218698098629,-0.74894972218,-200.620218425,0.886291959451,0.00164883256935
8,5,50,7,0.66653400544,0.606581763482,-2.22617049917,-183.984804577,0.390313727188,0.0030310609669
9,5,17,37,0.156385666934,0.280086826837,-1.54905023578,-206.711004976,0.690844870963,0.00368344320708
3,5,40,13,0.623580670633,0.579091629205,-2.31974533826,-182.688775948,0.364498853532,0.00267745757032
5,5,15,42,0.159442027672,0.28204289771,-1.61749788474,-205.509146605,0.682539817946,0.00321185103505
9,5,17,37,0.156385666934,0.280086826837,-1.54905023578,-206.711004976,0.690844870963,0.00368344320708
5,5,15,42,0.159442027672,0.28204289771,-1.61749788474,-205.509146605,0.682539817946,0.00321185103505
6,5,29,29,0.832866268689,0.713034411961,-1.61746675967,-217.120145837,0.682541549768,0.00321234819406
1,5,48,5,0.660515897146,0.602730174173,-2.44321576918,-154.058918605,0.263309706846,0.00419199005003
7,5,47,7,0.362424278201,0.411951538049,-1.78283939529,-197.777757362,0.518595152136,0.00248315033844
10,5,35,18,0.843614333066,0.719913173163,-1.54905023578,-192.473616021,0.690844870963,0.00368344320708
2,5,9,45,0.637575721799,0.588048461951,-1.78283939529,-208.99980421,0.518595152136,0.00248315033844
4,5,6,50,0.0604657791084,0.218698098629,-0.74894972218,-200.620218425,0.886291959451,0.00164883256935
10,5,35,18,0.843614333066,0.719913173163,-1.54905023578,-192.473616021,0.690844870963,0.00368344320708
1,5,48,5,0.660515897146,0.602730174173,-2.44321576918,-154.058918605,0.263309706846,0.00419199005003
7,5,47,7,0.362424278201,0.411951538049,-1.78283939529,-197.777757362,0.518595152136,0.00248315033844
3,5,40,13,0.623580670633,0.579091629205,-2.31974533826,-182.688775948,0.364498853532,0.00267745757032
6,5,29,29,0.832866268689,0.713034411961,-1.61746675967,-217.120145837,0.682541549768,0.00321234819406
2,5,9,45,0.637575721799,0.588048461951,-1.78283939529,-208.99980421,0.518595152136,0.00248315033844
8,5,50,7,0.66653400544,0.606581763482,-2.22617049917,-183.984804577,0.390313727188,0.0030310609669
4,6,35,21,0.86789683605,0.735453975072,-1.3424564712,-239.299115276,0.729464744783,0.0041116590088
8,6,51,6,0.69924373701,0.627515991686,-1.83099372252,-213.675463915,0.527640749463,0.00433276912023
9,6,14,40,0.135160151826,0.266502497169,-2.09629145514,-237.621451723,0.443976884516,0.00877375325846
3,6,48,5,0.901819718754,0.757164620003,-1.89984271925,-203.118013621,0.516134312469,0.00403399009575
5,6,18,39,0.495544746673,0.49714863787,-2.19668351004,-244.899704254,0.435597450699,0.00737998148842
9,6,14,40,0.135160151826,0.266502497169,-2.09629145514,-237.621451723,0.443976884516,0.00877375325846
6,6,32,26,0.14871284863,0.275176223123,-1.18504365058,-266.778634964,0.784932762601,0.00445895781997
5,6,18,39,0.495544746673,0.49714863787,-2.19668351004,-244.899704254,0.435597450699,0.00737998148842
7,6,5,49,0.122359523581,0.258310095092,-1.84496060466,-219.188107859,0.522510490439,0.00452862662756
10,6,7,46,0.0416388099237,0.206648838351,-1.16717519383,-214.15926565,0.786890440831,0.00460610649804
1,6,44,9,0.635101834632,0.586465174164,-2.32243615126,-185.486288155,0.358226564499,0.00550900767983
2,6,35,19,0.857951124787,0.729088719864,-1.38872491889,-244.87171302,0.723151325557,0.00369962824191
1,6,44,9,0.635101834632,0.586465174164,-2.32243615126,-185.486288155,0.358226564499,0.00550900767983
10,6,7,46,0.0416388099237,0.206648838351,-1.16717519383,-214.15926565,0.786890440831,0.00460610649804
4,6,35,21,0.86789683605,0.735453975072,-1.3424564712,-239.299115276,0.729464744783,0.0041116590088
7,6,5,49,0.122359523581,0.258310095092,-1.84496060466,-219.188107859,0.522510490439,0.00452862662756
3,6,48,5,0.901819718754,0.757164620003,-1.89984271925,-203.118013621,0.516134312469,0.00403399009575
2,6,35,19,0.857951124787,0.729088719864,-1.38872491889,-244.87171302,0.723151325557,0.00369962824191
6,6,32,26,0.14871284863,0.275176223123,-1.18504365058,-266.778634964,0.784932762601,0.00445895781997
8,6,51,6,0.69924373701,0.627515991686,-1.83099372252,-213.675463915,0.527640749463,0.00433276912023
4,7,29,27,0.879693978707,0.743004146373,-1.00567107899,-284.598445088,0.813322262162,0.00507713598418
8,7,5,52,0.0876851174357,0.236118475159,-1.48696614206,-234.898385697,0.689489065285,0.00630778602395
9,7,26,28,0.40400263291,0.438561685062,-2.29416207236,-275.215170949,0.29986900709,0.00557726971128
3,7,46,7,0.685418550773,0.618667872495,-1.6561597589,-231.955193967,0.558967132171,0.00468133847449
5,7,21,36,0.104764572258,0.247049326245,-1.5567687359,-284.47641688,0.718477095911,0.00312553584356
9,7,26,28,0.40400263291,0.438561685062,-2.29416207236,-275.215170949,0.29986900709,0.00557726971128
6,7,34,24,0.440498979359,0.46191934679,-1.84179429351,-307.912967797,0.513445150401,0.00979736761929
5,7,21,36,0.104764572258,0.247049326245,-1.5567687359,-284.47641688,0.718477095911,0.00312553584356
7,7,9,45,0.365345331055,0.413821011875,-2.32738667839,-251.164857793,0.364104578435,0.0115923276759
10,7,19,34,0.158902274905,0.281697455939,-1.60289171256,-249.480167276,0.685415318468,0.00323771744429
2,7,35,19,0.15758254977,0.280852831853,-1.00567107899,-295.583165608,0.813322262162,0.00507713598418
1,7,35,18,0.643497186068,0.591838199083,-1.92344180994,-219.97420696,0.500875066124,0.00791434560176
1,7,35,18,0.643497186068,0.591838199083,-1.92344180994,-219.97420696,0.500875066124,0.00791434560176
7,7,9,45,0.365345331055,0.413821011875,-2.32738667839,-251.164857793,0.364104578435,0.0115923276759
2,7,35,19,0.15758254977,0.280852831853,-1.00567107899,-295.583165608,0.813322262162,0.00507713598418
3,7,46,7,0.685418550773,0.618667872495,-1.6561597589,-231.955193967,0.558967132171,0.00468133847449
10,7,19,34,0.158902274905,0.281697455939,-1.60289171256,-249.480167276,0.685415318468,0.00323771744429
4,7,29,27,0.879693978707,0.743004146373,-1.00567107899,-284.598445088,0.813322262162,0.00507713598418
6,7,34,24,0.440498979359,0.46191934679,-1.84179429351,-307.912967797,0.513445150401,0.00979736761929
8,7,5,52,0.0876851174357,0.236118475159,-1.48696614206,-234.898385697,0.689489065285,0.00630778602395
4,8,19,35,0.0727975592094,0.226590437894,-0.698085729472,-321.799185313,0.897605024452,0.00623556101081
8,8,9,48,0.0773786796384,0.229522354969,-1.85566581989,-260.659921955,0.52561762339,0.0181353547161
9,8,29,25,0.180355721045,0.295427661469,-1.96412014771,-319.329884659,0.560679590098,0.00259448735902
3,8,46,7,0.895487956249,0.753112291999,-1.27426285784,-254.789828714,0.740870940222,0.00697519877493
9,8,29,25,0.180355721045,0.295427661469,-1.96412014771,-319.329884659,0.560679590098,0.00259448735902
5,8,24,33,0.196984083059,0.306069813158,-2.26225971936,-324.948695534,0.523482007539,0.00677647265604
6,8,15,43,0.186889234262,0.299609109928,-2.10532696434,-341.305134582,0.461360696499,0.0140409110192
5,8,24,33,0.196984083059,0.306069813158,-2.26225971936,-324.948695534,0.523482007539,0.00677647265604
7,8,44,10,0.666896783201,0.606813941249,-2.34621318919,-282.479035762,0.312886819702,0.00526631399479
10,8,31,22,0.578702085934,0.550369334998,-2.17047706003,-285.577537331,0.437969015066,0.00745988041856
2,8,31,23,0.64248305118,0.591189152755,-1.76879276052,-332.450924827,0.52126235019,0.00853662912861
1,8,46,7,0.965725583364,0.798064373353,-1.55133925087,-241.548887902,0.693969322795,0.0110410369859
1,8,46,7,0.965725583364,0.798064373353,-1.55133925087,-241.548887902,0.693969322795,0.0110410369859
7,8,44,10,0.666896783201,0.606813941249,-2.34621318919,-282.479035762,0.312886819702,0.00526631399479
2,8,31,23,0.64248305118,0.591189152755,-1.76879276052,-332.450924827,0.52126235019,0.00853662912861
3,8,46,7,0.895487956249,0.753112291999,-1.27426285784,-254.789828714,0.740870940222,0.00697519877493
10,8,31,22,0.578702085934,0.550369334998,-2.17047706003,-285.577537331,0.437969015066,0.00745988041856
6,8,15,43,0.186889234262,0.299609109928,-2.10532696434,-341.305134582,0.461360696499,0.0140409110192
4,8,19,35,0.0727975592094,0.226590437894,-0.698085729472,-321.799185313,0.897605024452,0.00623556101081
8,8,9,48,0.0773786796384,0.229522354969,-1.85566581989,-260.659921955,0.52561762339,0.0181353547161
4,9,49,5,0.89652325808,0.753774885171,-1.4239159242,-342.657144916,0.713043789063,0.0116785518091
8,9,46,11,0.276445914439,0.356925385241,-2.22379603295,-312.906873776,0.412208964234,0.0120866631989
9,9,33,21,0.500602044241,0.500385308314,-2.19242766118,-356.750601042,0.341614342124,0.00151206050401
3,9,47,6,0.975020766392,0.804013290491,-0.991971835769,-274.820634833,0.806671431918,0.00850219416654
9,9,33,21,0.500602044241,0.500385308314,-2.19242766118,-356.750601042,0.341614342124,0.00151206050401
5,9,32,25,0.527745439649,0.517757081376,-2.61582635299,-364.245349568,0.307860355077,0.00328276208318
6,9,28,30,0.511497037363,0.507358103912,-2.399061408,-381.543386712,0.277177571102,0.00740960392211
7,9,37,17,0.634351978588,0.585985266296,-2.45292872911,-317.245592358,0.214015096473,0.00623999621124
5,9,32,25,0.527745439649,0.517757081376,-2.61582635299,-364.245349568,0.307860355077,0.00328276208318
10,9,21,32,0.862213209004,0.731816453763,-1.67600904335,-334.248950811,0.652533797791,0.00307819661525
2,9,49,5,0.990115675419,0.813674032268,-1.36064040471,-350.955789751,0.723009082903,0.012398793884
1,9,46,7,0.263444473238,0.348604462872,-1.4239159242,-293.024953374,0.713043789063,0.0116785518091
4,9,49,5,0.89652325808,0.753774885171,-1.4239159242,-342.657144916,0.713043789063,0.0116785518091
7,9,37,17,0.634351978588,0.585985266296,-2.45292872911,-317.245592358,0.214015096473,0.00623999621124
2,9,49,5,0.990115675419,0.813674032268,-1.36064040471,-350.955789751,0.723009082903,0.012398793884
1,9,46,7,0.263444473238,0.348604462872,-1.4239159242,-293.024953374,0.713043789063,0.0116785518091
8,9,46,11,0.276445914439,0.356925385241,-2.22379603295,-312.906873776,0.412208964234,0.0120866631989
3,9,47,6,0.975020766392,0.804013290491,-0.991971835769,-274.820634833,0.806671431918,0.00850219416654
6,9,28,30,0.511497037363,0.507358103912,-2.399061408,-381.543386712,0.277177571102,0.00740960392211
10,9,21,32,0.862213209004,0.731816453763,-1.67600904335,-334.248950811,0.652533797791,0.00307819661525
4,10,44,10,0.199208895708,0.307493693253,-1.19616393009,-398.220755128,0.775690353359,0.0127050138017
8,10,19,38,0.129602493544,0.262945595868,-2.38209256498,-349.880783912,0.410689559482,0.0218548517291
9,10,27,27,0.24621319517,0.337576444909,-1.97721828735,-397.191563036,0.559816117474,0.00237478464613
3,10,45,8,0.974540935599,0.803706198783,-0.894062962707,-297.679244428,0.82271099495,0.00893139347493
9,10,27,27,0.24621319517,0.337576444909,-1.97721828735,-397.191563036,0.559816117474,0.00237478464613
5,10,31,26,0.695411365305,0.625063273795,-2.5180624986,-404.318271785,0.487575158783,0.00446587532277
6,10,36,21,0.37957581826,0.422928523686,-2.24741405559,-424.068833946,0.447978669407,0.0107106641304
7,10,36,18,0.764938725096,0.669560784062,-2.27817255024,-351.618378094,0.299482579515,0.00835697503621
10,10,30,23,0.138494573332,0.268636526933,-1.34442525569,-380.876259693,0.731163820433,0.00381494350847
2,10,45,9,0.897174174554,0.754191471714,-1.31298382589,-376.279516316,0.728630169415,0.0125756072865
5,10,31,26,0.695411365305,0.625063273795,-2.5180624986,-404.318271785,0.487575158783,0.00446587532277
1,10,49,4,0.991745722364,0.814717262313,-2.27765591934,-309.809235633,0.368176244716,0.0144467003014
7,10,36,18,0.764938725096,0.669560784062,-2.27817255024,-351.618378094,0.299482579515,0.00835697503621
2,10,45,9,0.897174174554,0.754191471714,-1.31298382589,-376.279516316,0.728630169415,0.0125756072865
1,10,49,4,0.991745722364,0.814717262313,-2.27765591934,-309.809235633,0.368176244716,0.0144467003014
3,10,45,8,0.974540935599,0.803706198783,-0.894062962707,-297.679244428,0.82271099495,0.00893139347493
6,10,36,21,0.37957581826,0.422928523686,-2.24741405559,-424.068833946,0.447978669407,0.0107106641304
10,10,30,23,0.138494573332,0.268636526933,-1.34442525569,-380.876259693,0.731163820433,0.00381494350847
4,10,44,10,0.199208895708,0.307493693253,-1.19616393009,-398.220755128,0.775690353359,0.0127050138017
8,10,19,38,0.129602493544,0.262945595868,-2.38209256498,-349.880783912,0.410689559482,0.0218548517291
4,11,52,2,0.994877121252,0.816721357602,-2.09208170154,-412.142029913,0.45407195877,0.0159880881199
8,11,26,31,0.574217135348,0.547498966623,-2.61256008835,-390.124968432,0.28113846312,0.0128662398143
3,11,52,1,0.992975994353,0.815504636386,-0.792770913379,-309.974680297,0.839390086677,0.00940417247913
9,11,24,30,0.418112977213,0.447592305416,-2.32864629685,-434.288570724,0.298500984488,0.00448863593475
9,11,24,30,0.418112977213,0.447592305416,-2.32864629685,-434.288570724,0.298500984488,0.00448863593475
5,11,25,32,0.826995409679,0.709277062194,-2.04119199421,-452.438304245,0.639633853026,0.00612209881905
6,11,32,24,0.958841117124,0.79365831496,-2.38534020164,-469.341429416,0.376672597006,0.0164175882005
7,11,47,7,0.961388412541,0.795288584026,-1.99550042756,-373.486817101,0.36677135377,0.0107565238247
2,11,37,17,0.180903272088,0.295778094136,-1.082695141,-427.312160474,0.792208293688,0.0139254752374
10,11,36,17,0.405508422147,0.439525390174,-1.95823983435,-420.312924962,0.489916576799,0.00749707916266
5,11,25,32,0.826995409679,0.709277062194,-2.04119199421,-452.438304245,0.639633853026,0.00612209881905
1,11,42,11,0.759854067034,0.666306602902,-2.24238230208,-338.934319802,0.370563549629,0.0145751991015
2,11,37,17,0.180903272088,0.295778094136,-1.082695141,-427.312160474,0.792208293688,0.0139254752374
7,11,47,7,0.961388412541,0.795288584026,-1.99550042756,-373.486817101,0.36677135377,0.0107565238247
3,11,52,1,0.992975994353,0.815504636386,-0.792770913379,-309.974680297,0.839390086677,0.00940417247913
1,11,42,11,0.759854067034,0.666306602902,-2.24238230208,-338.934319802,0.370563549629,0.0145751991015
6,11,32,24,0.958841117124,0.79365831496,-2.38534020164,-469.341429416,0.376672597006,0.0164175882005
10,11,36,17,0.405508422147,0.439525390174,-1.95823983435,-420.312924962,0.489916576799,0.00749707916266
4,11,52,2,0.994877121252,0.816721357602,-2.09208170154,-412.142029913,0.45407195877,0.0159880881199
8,11,26,31,0.574217135348,0.547498966623,-2.61256008835,-390.124968432,0.28113846312,0.0128662398143
4,12,39,15,0.934174460612,0.777871654791,-2.06747526581,-444.506084627,0.455894783117,0.0160755076911
8,12,43,14,0.778887356199,0.678487907967,-2.42764995737,-422.690260906,0.421066620784,0.017892082522
3,12,50,3,0.996047549293,0.817470431547,-0.75466961473,-325.154236909,0.84401711574,0.00969528834376
9,12,33,21,0.167163561135,0.286984679126,-2.04689561632,-482.58664328,0.546861070483,0.00894457533403
9,12,33,21,0.167163561135,0.286984679126,-2.04689561632,-482.58664328,0.546861070483,0.00894457533403
6,12,47,9,0.554663076313,0.534984368841,-2.26197906138,-505.631921975,0.389174439079,0.0173334118545
5,12,31,26,0.124911474676,0.259943343793,-1.63863403153,-502.031085096,0.739485015712,0.00712805778725
7,12,47,7,0.961105222606,0.795107342468,-1.91695518129,-395.359773631,0.378167769703,0.0110486355276
2,12,45,9,0.928701879325,0.774369202768,-1.87517460331,-452.218650863,0.482109715664,0.0181744657507
10,12,45,8,0.945786271534,0.785303213782,-2.11298499759,-443.496995233,0.462648178425,0.0120199110372
1,12,43,10,0.936818548782,0.77956387122,-2.0648269653,-364.763680888,0.456039470977,0.0160951442438
5,12,31,26,0.124911474676,0.259943343793,-1.63863403153,-502.031085096,0.739485015712,0.00712805778725
2,12,45,9,0.928701879325,0.774369202768,-1.87517460331,-452.218650863,0.482109715664,0.0181744657507
7,12,47,7,0.961105222606,0.795107342468,-1.91695518129,-395.359773631,0.378167769703,0.0110486355276
3,12,50,3,0.996047549293,0.817470431547,-0.75466961473,-325.154236909,0.84401711574,0.00969528834376
1,12,43,10,0.936818548782,0.77956387122,-2.0648269653,-364.763680888,0.456039470977,0.0160951442438
6,12,47,9,0.554663076313,0.534984368841,-2.26197906138,-505.631921975,0.389174439079,0.0173334118545
10,12,45,8,0.945786271534,0.785303213782,-2.11298499759,-443.496995233,0.462648178425,0.0120199110372
8,12,43,14,0.778887356199,0.678487907967,-2.42764995737,-422.690260906,0.421066620784,0.017892082522
4,12,39,15,0.934174460612,0.777871654791,-2.06747526581,-444.506084627,0.455894783117,0.0160755076911
4,13,28,26,0.711441865671,0.635322794029,-1.93713894939,-483.43481243,0.480585350878,0.0166378407601
8,13,38,19,0.43613767176,0.459128109926,-2.01321474652,-463.947332729,0.508888404625,0.0240054154966
3,13,47,6,0.993742964961,0.815995497575,-0.728867095847,-344.868289981,0.846628829861,0.0099844310765
9,13,26,28,0.469514196593,0.480489085819,-2.23878114844,-519.979652042,0.342997378768,0.00530377988405
9,13,26,28,0.469514196593,0.480489085819,-2.23878114844,-519.979652042,0.342997378768,0.00530377988405
6,13,39,17,0.439275797643,0.461136510492,-2.40925564663,-546.331288387,0.301936700845,0.021974970855
5,13,27,30,0.1644654206,0.285257869184,-2.55506552911,-545.973854821,0.512062747544,0.0123199522236
7,13,29,25,0.515378801908,0.509842433221,-1.83905404601,-432.721436107,0.390007178395,0.0113467569593
10,13,38,15,0.834545453277,0.714109090097,-2.00756595495,-475.074512416,0.483089206374,0.0124255936689
2,13,29,25,0.717772453844,0.63937437046,-1.71970183214,-490.687211943,0.510518710496,0.0189815553399
1,13,44,9,0.496322555154,0.497646435298,-1.94592202583,-401.665819372,0.479694326542,0.0166214152976
5,13,27,30,0.1644654206,0.285257869184,-2.55506552911,-545.973854821,0.512062747544,0.0123199522236
2,13,29,25,0.717772453844,0.63937437046,-1.71970183214,-490.687211943,0.510518710496,0.0189815553399
7,13,29,25,0.515378801908,0.509842433221,-1.83905404601,-432.721436107,0.390007178395,0.0113467569593
3,13,47,6,0.993742964961,0.815995497575,-0.728867095847,-344.868289981,0.846628829861,0.0099844310765
1,13,44,9,0.496322555154,0.497646435298,-1.94592202583,-401.665819372,0.479694326542,0.0166214152976
6,13,39,17,0.439275797643,0.461136510492,-2.40925564663,-546.331288387,0.301936700845,0.021974970855
10,13,38,15,0.834545453277,0.714109090097,-2.00756595495,-475.074512416,0.483089206374,0.0124255936689
8,13,38,19,0.43613767176,0.459128109926,-2.01321474652,-463.947332729,0.508888404625,0.0240054154966
4,13,28,26,0.711441865671,0.635322794029,-1.93713894939,-483.43481243,0.480585350878,0.0166378407601
4,14,38,16,0.352064136319,0.405321047244,-1.78675330542,-526.067430971,0.620283092979,0.01802397292
8,14,42,15,0.923726349242,0.771184863515,-2.33756224581,-496.982686563,0.460046109609,0.0312458485694
3,14,51,2,0.998853262901,0.819266088257,-0.695290356856,-358.456412886,0.850783665534,0.0102969352157
9,14,39,15,0.200595427309,0.308381073478,-1.92751166626,-571.39079579,0.58535741787,0.00940685829256
6,14,34,22,0.845577311516,0.72116947937,-2.22024048877,-585.542571014,0.536908462158,0.0354216452546
9,14,39,15,0.200595427309,0.308381073478,-1.92751166626,-571.39079579,0.58535741787,0.00940685829256
5,14,25,32,0.428261541546,0.45408738659,-3.31058788719,-585.079978943,0.323115694657,0.00584164069761
7,14,28,26,0.221160736108,0.321542871109,-1.693304152,-474.577202882,0.627264161327,0.0168440926862
10,14,33,20,0.325921112646,0.388589512094,-1.68811882708,-516.106893866,0.554723577559,0.0163281489509
2,14,42,12,0.325044712761,0.388028616167,-1.56017184321,-536.340448956,0.654742138483,0.0211150283978
1,14,50,3,0.99829903499,0.818911382394,-2.28892073568,-416.781095834,0.400088782222,0.0186035242584
2,14,42,12,0.325044712761,0.388028616167,-1.56017184321,-536.340448956,0.654742138483,0.0211150283978
5,14,25,32,0.428261541546,0.45408738659,-3.31058788719,-585.079978943,0.323115694657,0.00584164069761
7,14,28,26,0.221160736108,0.321542871109,-1.693304152,-474.577202882,0.627264161327,0.0168440926862
3,14,51,2,0.998853262901,0.819266088257,-0.695290356856,-358.456412886,0.850783665534,0.0102969352157
1,14,50,3,0.99829903499,0.818911382394,-2.28892073568,-416.781095834,0.400088782222,0.0186035242584
6,14,34,22,0.845577311516,0.72116947937,-2.22024048877,-585.542571014,0.536908462158,0.0354216452546
10,14,33,20,0.325921112646,0.388589512094,-1.68811882708,-516.106893866,0.554723577559,0.0163281489509
8,14,42,15,0.923726349242,0.771184863515,-2.33756224581,-496.982686563,0.460046109609,0.0312458485694
4,14,38,16,0.352064136319,0.405321047244,-1.78675330542,-526.067430971,0.620283092979,0.01802397292
4,15,45,8,0.829158334703,0.71066133421,-2.54176768344,-551.358858218,0.275463012581,0.0203242701451
8,15,38,19,0.646461634725,0.593735446224,-2.19344418723,-533.907164819,0.489166512113,0.032496035599
3,15,49,4,0.996937539349,0.818040025184,-0.686418025935,-375.113643663,0.85154581123,0.0104553461073
9,15,29,25,0.467897203336,0.479454210135,-2.26733882919,-609.030830982,0.341669266627,0.00452918681104
6,15,23,33,0.215871863159,0.318157992422,-1.87637991505,-624.519927517,0.610487481187,0.0496848284637
9,15,29,25,0.467897203336,0.479454210135,-2.26733882919,-609.030830982,0.341669266627,0.00452918681104
5,15,33,23,0.512661546775,0.508103389936,-3.60454794103,-623.741494502,0.128082890554,0.00825977131642
7,15,22,32,0.549805797693,0.531875710524,-2.11791516804,-512.755488806,0.351143064219,0.0322886236608
10,15,27,26,0.530969759551,0.519820646113,-1.81964420656,-552.845708062,0.507643953267,0.0305580397779
2,15,50,4,0.997668152786,0.818507617783,-2.28248018253,-553.180244107,0.30372395235,0.0237300867766
1,15,47,6,0.526444468292,0.516924459707,-2.27945722011,-452.159940082,0.400620639151,0.0186417087961
2,15,50,4,0.997668152786,0.818507617783,-2.28248018253,-553.180244107,0.30372395235,0.0237300867766
5,15,33,23,0.512661546775,0.508103389936,-3.60454794103,-623.741494502,0.128082890554,0.00825977131642
7,15,22,32,0.549805797693,0.531875710524,-2.11791516804,-512.755488806,0.351143064219,0.0322886236608
3,15,49,4,0.996937539349,0.818040025184,-0.686418025935,-375.113643663,0.85154581123,0.0104553461073
6,15,23,33,0.215871863159,0.318157992422,-1.87637991505,-624.519927517,0.610487481187,0.0496848284637
1,15,47,6,0.526444468292,0.516924459707,-2.27945722011,-452.159940082,0.400620639151,0.0186417087961
10,15,27,26,0.530969759551,0.519820646113,-1.81964420656,-552.845708062,0.507643953267,0.0305580397779
8,15,38,19,0.646461634725,0.593735446224,-2.19344418723,-533.907164819,0.489166512113,0.032496035599
4,15,45,8,0.829158334703,0.71066133421,-2.54176768344,-551.358858218,0.275463012581,0.0203242701451
4,16,49,4,0.999414482682,0.819625268916,-2.43968341266,-567.956226812,0.317844322524,0.0211065760134
8,16,42,15,0.910793519775,0.762907852656,-1.74688169326,-566.86271795,0.675581258426,0.0486638601999
3,16,49,4,0.998944480068,0.819324467244,-0.666088955598,-391.722333471,0.853586063899,0.010772250525
9,16,29,25,0.198038094527,0.306744380498,-1.94312452032,-652.460218131,0.584349438823,0.008055732904
6,16,37,19,0.900413009155,0.756264325859,-2.32492266058,-661.678155527,0.345387352293,0.0216977382916
9,16,29,25,0.198038094527,0.306744380498,-1.94312452032,-652.460218131,0.584349438823,0.008055732904
5,16,30,26,0.31740112557,0.383136720365,-3.4996057399,-665.083200522,0.206705903433,0.0124689364663
7,16,34,20,0.306400141635,0.376096090646,-2.00060476024,-555.439627756,0.541362026808,0.0477473196648
10,16,30,23,0.0531508534883,0.214016546232,-1.09488061817,-604.635615879,0.80079166688,0.0133225841436
2,16,33,21,0.83050846633,0.711525418451,-2.27137989465,-590.517714977,0.304277731222,0.0237571175911
1,16,46,7,0.829204609409,0.710690950022,-2.53769548122,-476.551568782,0.275600438518,0.0203376807425
2,16,33,21,0.83050846633,0.711525418451,-2.27137989465,-590.517714977,0.304277731222,0.0237571175911
5,16,30,26,0.31740112557,0.383136720365,-3.4996057399,-665.083200522,0.206705903433,0.0124689364663
7,16,34,20,0.306400141635,0.376096090646,-2.00060476024,-555.439627756,0.541362026808,0.0477473196648
3,16,49,4,0.998944480068,0.819324467244,-0.666088955598,-391.722333471,0.853586063899,0.010772250525
6,16,37,19,0.900413009155,0.756264325859,-2.32492266058,-661.678155527,0.345387352293,0.0216977382916
1,16,46,7,0.829204609409,0.710690950022,-2.53769548122,-476.551568782,0.275600438518,0.0203376807425
10,16,30,23,0.0531508534883,0.214016546232,-1.09488061817,-604.635615879,0.80079166688,0.0133225841436
8,16,42,15,0.910793519775,0.762907852656,-1.74688169326,-566.86271795,0.675581258426,0.0486638601999
4,16,49,4,0.999414482682,0.819625268916,-2.43968341266,-567.956226812,0.317844322524,0.0211065760134
4,17,34,19,0.673095332215,0.610781012618,-2.43612104974,-602.647447487,0.317989640332,0.02111570224
8,17,52,5,0.978952679036,0.806529714583,-1.55360729878,-586.256630648,0.726138327166,0.0508828474562
3,17,50,3,0.999768110169,0.819851590508,-0.657881235213,-406.795853397,0.854289845331,0.0109428684695
9,17,28,25,0.473752773469,0.48320177502,-2.2586443502,-689.327774009,0.342900817996,0.00405667024748
6,17,49,7,0.976297099124,0.804830143439,-2.08187227972,-683.754428072,0.374495555583,0.0264247254931
9,17,28,25,0.473752773469,0.48320177502,-2.2586443502,-689.327774009,0.342900817996,0.00405667024748
5,17,41,15,0.679310828572,0.614758930286,-3.82235136938,-699.339018228,0.097111711408,0.00528196791962
7,17,39,15,0.668042349786,0.607547103863,-2.28828970639,-588.904406351,0.259096457658,0.0199627277793
10,17,40,13,0.203646403176,0.310333698033,-1.60111063949,-656.270016929,0.673511009199,0.00811863629322
2,17,50,4,0.949071476804,0.787405745155,-2.17811069477,-608.661774531,0.350665953923,0.0247510933304
1,17,50,3,0.956741857617,0.792314788875,-2.43612104974,-492.906589315,0.317989640332,0.02111570224
2,17,50,4,0.949071476804,0.787405745155,-2.17811069477,-608.661774531,0.350665953923,0.0247510933304
7,17,39,15,0.668042349786,0.607547103863,-2.28828970639,-588.904406351,0.259096457658,0.0199627277793
5,17,41,15,0.679310828572,0.614758930286,-3.82235136938,-699.339018228,0.097111711408,0.00528196791962
3,17,50,3,0.999768110169,0.819851590508,-0.657881235213,-406.795853397,0.854289845331,0.0109428684695
6,17,49,7,0.976297099124,0.804830143439,-2.08187227972,-683.754428072,0.374495555583,0.0264247254931
1,17,50,3,0.956741857617,0.792314788875,-2.43612104974,-492.906589315,0.317989640332,0.02111570224
10,17,40,13,0.203646403176,0.310333698033,-1.60111063949,-656.270016929,0.673511009199,0.00811863629322
8,17,52,5,0.978952679036,0.806529714583,-1.55360729878,-586.256630648,0.726138327166,0.0508828474562
4,17,34,19,0.673095332215,0.610781012618,-2.43612104974,-602.647447487,0.317989640332,0.02111570224
4,18,47,6,0.999841041659,0.819898266662,-2.65480358692,-622.265873441,0.252219788412,0.0216080021281
8,18,23,34,0.0829533245517,0.233090127713,-1.48266715468,-628.775346331,0.738265952897,0.051397302263
3,18,51,2,0.999768069853,0.819851564706,-0.655803341102,-420.354032314,0.854444488834,0.010981046621
9,18,30,23,0.329751491771,0.391040954733,-1.97497115888,-728.904161478,0.581907363119,0.0067944584599
6,18,41,15,0.976733948037,0.805109726744,-1.99530035957,-717.17205165,0.381554242323,0.0277518785084
9,18,30,23,0.329751491771,0.391040954733,-1.97497115888,-728.904161478,0.581907363119,0.0067944584599
5,18,37,19,0.600822567571,0.564526443246,-3.70711378925,-736.289539055,0.129533056669,0.00663645467968
7,18,31,23,0.552026952943,0.533297249883,-2.14749999038,-625.920815081,0.349699791059,0.0249091608081
10,18,39,14,0.329558298622,0.390917311118,-2.24930280301,-699.842343976,0.390650394799,0.0133065525497
2,18,45,9,0.955373492949,0.791439035487,-2.0702062703,-633.295098693,0.365181590287,0.0254760927337
1,18,46,7,0.955241080292,0.791354291387,-2.35966712457,-514.640850176,0.329100893652,0.0212945225034
2,18,45,9,0.955373492949,0.791439035487,-2.0702062703,-633.295098693,0.365181590287,0.0254760927337
7,18,31,23,0.552026952943,0.533297249883,-2.14749999038,-625.920815081,0.349699791059,0.0249091608081
5,18,37,19,0.600822567571,0.564526443246,-3.70711378925,-736.289539055,0.129533056669,0.00663645467968
3,18,51,2,0.999768069853,0.819851564706,-0.655803341102,-420.354032314,0.854444488834,0.010981046621
6,18,41,15,0.976733948037,0.805109726744,-1.99530035957,-717.17205165,0.381554242323,0.0277518785084
1,18,46,7,0.955241080292,0.791354291387,-2.35966712457,-514.640850176,0.329100893652,0.0212945225034
10,18,39,14,0.329558298622,0.390917311118,-2.24930280301,-699.842343976,0.390650394799,0.0133065525497
8,18,23,34,0.0829533245517,0.233090127713,-1.48266715468,-628.775346331,0.738265952897,0.051397302263
4,18,47,6,0.999841041659,0.819898266662,-2.65480358692,-622.265873441,0.252219788412,0.0216080021281
4,19,35,18,0.943462581055,0.783816051875,-2.65374840665,-658.360466623,0.252251083955,0.0216095128036
8,19,34,22,0.941417971522,0.782507501774,-2.23804894997,-670.676906739,0.570113684458,0.0931004145492
3,19,51,2,0.99986977393,0.819916655315,-0.653724759133,-433.908885104,0.854599187227,0.0110194916799
6,19,31,25,0.5076458153,0.504893321792,-1.91010542564,-755.932253949,0.388610978493,0.0291991952268
9,19,28,25,0.485236535437,0.49055138268,-2.4540909545,-765.707125487,0.267857686244,0.0105520762177
9,19,28,25,0.485236535437,0.49055138268,-2.4540909545,-765.707125487,0.267857686244,0.0105520762177
5,19,29,27,0.84557466936,0.72116778839,-3.68748745433,-780.252076074,0.111159871845,0.00884819980885
7,19,39,15,0.997311629617,0.818279442955,-2.04820070373,-659.321596625,0.537699807624,0.0330951990733
10,19,41,12,0.455898548813,0.47177507124,-2.43546222149,-738.30251198,0.414778326393,0.0218019125824
2,19,50,4,0.999721886897,0.819822007614,-1.99106954387,-650.083740282,0.378360038624,0.0257173158728
1,19,50,3,0.999961881829,0.81997560437,-2.27905155549,-529.70887339,0.341013798411,0.0214759406483
2,19,50,4,0.999721886897,0.819822007614,-1.99106954387,-650.083740282,0.378360038624,0.0257173158728
7,19,39,15,0.997311629617,0.818279442955,-2.04820070373,-659.321596625,0.537699807624,0.0330951990733
5,19,29,27,0.84557466936,0.72116778839,-3.68748745433,-780.252076074,0.111159871845,0.00884819980885
3,19,51,2,0.99986977393,0.819916655315,-0.653724759133,-433.908885104,0.854599187227,0.0110194916799
6,19,31,25,0.5076458153,0.504893321792,-1.91010542564,-755.932253949,0.388610978493,0.0291991952268
1,19,50,3,0.999961881829,0.81997560437,-2.27905155549,-529.70887339,0.341013798411,0.0214759406483
10,19,41,12,0.455898548813,0.47177507124,-2.43546222149,-738.30251198,0.414778326393,0.0218019125824
8,19,34,22,0.941417971522,0.782507501774,-2.23804894997,-670.676906739,0.570113684458,0.0931004145492
4,19,35,18,0.943462581055,0.783816051875,-2.65374840665,-658.360466623,0.252251083955,0.0216095128036
4,20,39,14,0.984685288486,0.810198584631,-2.58231881229,-689.833903633,0.263895959196,0.0217659796869
8,20,36,20,0.880412385021,0.743463926413,-2.15629350109,-708.558287652,0.597429699007,0.0941064078956
3,20,49,4,0.999871779325,0.819917938768,-0.65250907753,-450.495255551,0.854686057397,0.0110500243897
6,20,42,14,0.993535596312,0.81586278164,-1.74223180435,-788.168672724,0.631145211495,0.0410632845999
9,20,28,25,0.20276991893,0.309772748115,-2.22550231624,-807.789142099,0.447747800689,0.0152740644122
5,20,37,19,0.558047586944,0.537150455644,-3.49643834559,-817.883438243,0.126393741346,0.00966485480778
9,20,28,25,0.20276991893,0.309772748115,-2.22550231624,-807.789142099,0.447747800689,0.0152740644122
7,20,44,10,0.335054365575,0.394434793968,-2.03743670509,-705.270790314,0.53883040329,0.0331545737669
10,20,35,18,0.758849696691,0.665663805883,-2.57786285441,-772.26742861,0.31264733657,0.0311918859473
2,20,40,14,0.988380319828,0.81256340469,-1.98893788548,-681.82659862,0.378442184755,0.0257299972972
1,20,47,6,0.650678339026,0.596434136977,-2.27871588478,-559.442330431,0.341023944135,0.0214770170521
2,20,40,14,0.988380319828,0.81256340469,-1.98893788548,-681.82659862,0.378442184755,0.0257299972972
7,20,44,10,0.335054365575,0.394434793968,-2.03743670509,-705.270790314,0.53883040329,0.0331545737669
5,20,37,19,0.558047586944,0.537150455644,-3.49643834559,-817.883438243,0.126393741346,0.00966485480778
3,20,49,4,0.999871779325,0.819917938768,-0.65250907753,-450.495255551,0.854686057397,0.0110500243897
6,20,42,14,0.993535596312,0.81586278164,-1.74223180435,-788.168672724,0.631145211495,0.0410632845999
1,20,47,6,0.650678339026,0.596434136977,-2.27871588478,-559.442330431,0.341023944135,0.0214770170521
10,20,35,18,0.758849696691,0.665663805883,-2.57786285441,-772.26742861,0.31264733657,0.0311918859473
8,20,36,20,0.880412385021,0.743463926413,-2.15629350109,-708.558287652,0.597429699007,0.0941064078956
4,20,39,14,0.984685288486,0.810198584631,-2.58231881229,-689.833903633,0.263895959196,0.0217659796869
4,21,51,2,0.999986497916,0.819991358666,-2.53875070023,-703.384939804,0.267088452937,0.021893326066
8,21,43,12,0.987541115064,0.812026313641,-1.85338350311,-737.569296093,0.65893224376,0.112075101884
3,21,49,4,0.999877186333,0.819921399253,-0.651315478138,-467.081496057,0.854771598386,0.0110806212396
6,21,46,9,0.796221468506,0.689581739844,-1.70940791219,-815.794006514,0.634345731994,0.0417472942988
9,21,20,33,0.518835039766,0.51205442545,-2.60205620873,-844.854825725,0.260173319359,0.0299471898156
5,21,33,22,0.310163505272,0.378504643374,-3.36589002622,-860.407617673,0.192949418203,0.0147402827281
10,21,29,24,0.325044018106,0.388028171588,-2.30709809692,-811.506728028,0.385135580035,0.0400105961688
7,21,49,5,0.998722125494,0.819182160316,-2.46882323858,-723.595107432,0.245894819817,0.0462933807009
9,21,20,33,0.518835039766,0.51205442545,-2.60205620873,-844.854825725,0.260173319359,0.0299471898156
2,21,49,5,0.99959893935,0.819743321184,-1.95105050688,-700.132902396,0.38190569463,0.0258966137541
1,21,43,10,0.985521567752,0.810733803361,-2.49911436337,-585.110405489,0.276996380219,0.0219539893257
2,21,49,5,0.99959893935,0.819743321184,-1.95105050688,-700.132902396,0.38190569463,0.0258966137541
7,21,49,5,0.998722125494,0.819182160316,-2.46882323858,-723.595107432,0.245894819817,0.0462933807009
5,21,33,22,0.310163505272,0.378504643374,-3.36589002622,-860.407617673,0.192949418203,0.0147402827281
3,21,49,4,0.999877186333,0.819921399253,-0.651315478138,-467.081496057,0.854771598386,0.0110806212396
6,21,46,9,0.796221468506,0.689581739844,-1.70940791219,-815.794006514,0.634345731994,0.0417472942988
1,21,43,10,0.985521567752,0.810733803361,-2.49911436337,-585.110405489,0.276996380219,0.0219539893257
10,21,29,24,0.325044018106,0.388028171588,-2.30709809692,-811.506728028,0.385135580035,0.0400105961688
8,21,43,12,0.987541115064,0.812026313641,-1.85338350311,-737.569296093,0.65893224376,0.112075101884
4,21,51,2,0.999986497916,0.819991358666,-2.53875070023,-703.384939804,0.267088452937,0.021893326066
4,22,49,4,0.938676068813,0.78075268404,-2.5386199262,-721.58250477,0.267091267601,0.0218937747815
8,22,16,38,0.0371544431253,0.2037788436,-1.79668629912,-771.680190953,0.665402624036,0.113924666452
6,22,50,5,0.970068207682,0.800843652916,-1.33123349572,-834.966809051,0.754317392964,0.0554830278408
3,22,51,2,0.999940572844,0.81996196662,-0.650165713054,-480.634033786,0.854853540004,0.011111340231
9,22,35,18,0.25725164512,0.344641052877,-2.41911939593,-889.744939062,0.416639543124,0.0464558866151
7,22,33,21,0.678724636377,0.614383767281,-2.463146617,-759.68174454,0.246140311664,0.0463338740774
10,22,46,7,0.997791769954,0.818586732771,-2.45297721002,-832.663663695,0.411967612717,0.0687974882889
5,22,25,29,0.648860263466,0.595270568618,-3.69726138026,-899.607657332,0.0917581749248,0.00680122406199
9,22,35,18,0.25725164512,0.344641052877,-2.41911939593,-889.744939062,0.416639543124,0.0464558866151
2,22,40,14,0.608649666375,0.56953578648,-1.94817799075,-734.450723989,0.382025277308,0.0259130464096
1,22,52,1,0.983745398898,0.809597055295,-2.46074020727,-597.7523863,0.28016228118,0.0220527888998
2,22,40,14,0.608649666375,0.56953578648,-1.94817799075,-734.450723989,0.382025277308,0.0259130464096
7,22,33,21,0.678724636377,0.614383767281,-2.463146617,-759.68174454,0.246140311664,0.0463338740774
5,22,25,29,0.648860263466,0.595270568618,-3.69726138026,-899.607657332,0.0917581749248,0.00680122406199
3,22,51,2,0.999940572844,0.81996196662,-0.650165713054,-480.634033786,0.854853540004,0.011111340231
6,22,50,5,0.970068207682,0.800843652916,-1.33123349572,-834.966809051,0.754317392964,0.0554830278408
1,22,52,1,0.983745398898,0.809597055295,-2.46074020727,-597.7523863,0.28016228118,0.0220527888998
10,22,46,7,0.997791769954,0.818586732771,-2.45297721002,-832.663663695,0.411967612717,0.0687974882889
8,22,16,38,0.0371544431253,0.2037788436,-1.79668629912,-771.680190953,0.665402624036,0.113924666452
4,22,49,4,0.938676068813,0.78075268404,-2.5386199262,-721.58250477,0.267091267601,0.0218937747815
4,23,42,11,0.985339860579,0.81061751077,-2.45284507102,-748.704633328,0.280517561976,0.0220836468772
8,23,29,25,0.891131289931,0.750324025556,-2.20739449235,-814.700227371,0.58775714991,0.0728098115065
6,23,23,32,0.0736842102426,0.227157894555,-1.20968518185,-877.301113926,0.772360822213,0.0611835709633
3,23,49,4,0.999879423529,0.819922831058,-0.649578379555,-497.220220529,0.854893191806,0.0111343351562
9,23,37,16,0.263009594785,0.348326140662,-2.82170539937,-935.617109923,0.217603553426,0.0189017760782
10,23,22,31,0.209502780997,0.314081779838,-2.44383693565,-869.82880809,0.412678863343,0.0688873908572
7,23,40,14,0.52512587187,0.516080557997,-2.3517386304,-796.303156357,0.32851625696,0.0588673501693
5,23,42,12,0.579645378329,0.55097304213,-3.54039567148,-934.250640219,0.126399166035,0.00911354246882
9,23,37,16,0.263009594785,0.348326140662,-2.82170539937,-935.617109923,0.217603553426,0.0189017760782
2,23,39,15,0.874154488093,0.73945887238,-2.11971928414,-766.397270189,0.324954679128,0.0266233457349
1,23,39,14,0.890066656269,0.749642660012,-2.41370696361,-628.378697537,0.283762235875,0.0221832620649
2,23,39,15,0.874154488093,0.73945887238,-2.11971928414,-766.397270189,0.324954679128,0.0266233457349
7,23,40,14,0.52512587187,0.516080557997,-2.3517386304,-796.303156357,0.32851625696,0.0588673501693
5,23,42,12,0.579645378329,0.55097304213,-3.54039567148,-934.250640219,0.126399166035,0.00911354246882
3,23,49,4,0.999879423529,0.819922831058,-0.649578379555,-497.220220529,0.854893191806,0.0111343351562
6,23,23,32,0.0736842102426,0.227157894555,-1.20968518185,-877.301113926,0.772360822213,0.0611835709633
10,23,22,31,0.209502780997,0.314081779838,-2.44383693565,-869.82880809,0.412678863343,0.0688873908572
1,23,39,14,0.890066656269,0.749642660012,-2.41370696361,-628.378697537,0.283762235875,0.0221832620649
8,23,29,25,0.891131289931,0.750324025556,-2.20739449235,-814.700227371,0.58775714991,0.0728098115065
4,23,42,11,0.985339860579,0.81061751077,-2.45284507102,-748.704633328,0.280517561976,0.0220836468772
4,24,40,13,0.890073144964,0.749646812777,-2.41361538802,-778.234231234,0.283764411407,0.0221835015395
8,24,39,15,0.88334662385,0.745341839264,-1.93088572613,-846.680305587,0.642336972443,0.0823762104339
6,24,32,22,0.201166094161,0.308746300263,-1.85149363997,-923.032110122,0.612019002335,0.109487544025
3,24,51,2,0.999940800572,0.819962112366,-0.64845354866,-510.772750811,0.854973652064,0.0111652278125
9,24,33,20,0.165594229652,0.285980306977,-2.44076046838,-983.664471438,0.512263918722,0.00966408193795
10,24,30,23,0.659452732382,0.602049748725,-2.26047667649,-906.244114432,0.467243372143,0.0374712150651
7,24,24,30,0.318764958891,0.38400957369,-2.15447818514,-833.808979161,0.521979226951,0.0901292436365
5,24,38,16,0.390903094292,0.430177980347,-3.44568209651,-975.304677059,0.188116855496,0.0134889168743
2,24,50,4,0.980298526,0.80739105664,-2.03109281748,-783.683000941,0.360348420769,0.0270490130894
9,24,33,20,0.165594229652,0.285980306977,-2.44076046838,-983.664471438,0.512263918722,0.00966408193795
1,24,51,2,0.999997274693,0.819998255804,-2.35139577963,-641.929381369,0.31039459976,0.0224762809215
2,24,50,4,0.980298526,0.80739105664,-2.03109281748,-783.683000941,0.360348420769,0.0270490130894
7,24,24,30,0.318764958891,0.38400957369,-2.15447818514,-833.808979161,0.521979226951,0.0901292436365
5,24,38,16,0.390903094292,0.430177980347,-3.44568209651,-975.304677059,0.188116855496,0.0134889168743
3,24,51,2,0.999940800572,0.819962112366,-0.64845354866,-510.772750811,0.854973652064,0.0111652278125
6,24,32,22,0.201166094161,0.308746300263,-1.85149363997,-923.032110122,0.612019002335,0.109487544025
1,24,51,2,0.999997274693,0.819998255804,-2.35139577963,-641.929381369,0.31039459976,0.0224762809215
10,24,30,23,0.659452732382,0.602049748725,-2.26047667649,-906.244114432,0.467243372143,0.0374712150651
8,24,39,15,0.88334662385,0.745341839264,-1.93088572613,-846.680305587,0.642336972443,0.0823762104339
4,24,40,13,0.890073144964,0.749646812777,-2.41361538802,-778.234231234,0.283764411407,0.0221835015395
