9,1,32,23,0.421875,0.4484375,5.25098087189,-39.3485534857,0.0416666666667,0.000493096646943,5.25098087189,0,2.91278098357,2.91278098357,0,0.421875
1,1,22,30,0.421875,0.4484375,5.25098087189,-35.4936947157,0.0416666666667,0.000493096646943,5.25098087189,0,2.91278098357,2.91278098357,0,0.421875
4,1,22,32,0.421875,0.4484375,5.25098087189,-36.6836949545,0.0416666666667,0.000493096646943,5.25098087189,0,2.91278098357,2.91278098357,0,0.421875
9,2,6,49,0.390747193186,0.427893147503,4.66839364558,-32.4563361188,0.0771196283391,0.00141560922363,-0.582587226302,-0.268144344461,2.60930071407,-0.303480269505,-0.757481672519,0.390747193186
1,2,9,43,0.434649632211,0.456868757259,4.66839364558,-33.2976164365,0.0771196283391,0.00141560922363,-0.582587226302,-0.268144344461,2.60930071407,-0.303480269505,-0.757481672519,0.565350367789
6,1,27,26,0.578125,0.5515625,5.25098087189,-36.9166381998,0.0416666666667,0.000493096646943,5.25098087189,0,2.91278098357,2.91278098357,0,0.421875
4,2,28,26,0.565350367789,0.543131242741,4.66839364558,-37.4586570165,0.0771196283391,0.00141560922363,-0.582587226302,-0.268144344461,2.60930071407,-0.303480269505,-0.757481672519,0.565350367789
9,3,26,29,0.628489714526,0.584803211587,4.39074903831,-39.4395546323,0.14959176583,0.00382842179438,-0.277644607277,-0.27874577342,2.35468717152,-0.25461354255,-0.739015249013,0.371510285474
6,2,37,16,0.305225055083,0.371448536355,5.304138655,-44.0721612249,0.0627006610009,0.0005757172188,0.0531577831163,-0.202494078323,2.7562315982,-0.156549385376,0.212567902627,0.305225055083
1,3,47,5,0.622516719035,0.580861034563,4.75686400864,-29.8802192664,0.140104330849,0.00185859063307,0.0884703630578,-0.263467783391,2.53680543417,-0.0724952798946,0.178514275747,0.622516719035
4,3,41,13,0.51726342711,0.511393861893,4.16399423988,-36.8058052176,0.117852346697,0.00319433856929,-0.504399405705,-0.208357618846,2.29992812605,-0.309372588023,-0.520515705416,0.51726342711
9,4,5,50,0.217958702973,0.313852743962,3.8410433725,-24.627307624,0.212312728759,0.00528436011949,-0.549705665804,-0.178907974335,2.05951942898,-0.295167742535,0.217837134543,0.217958702973
8,1,25,29,0.421875,0.4484375,5.25098087189,-37.304652478,0.0416666666667,0.000493096646943,5.25098087189,0,2.91278098357,2.91278098357,0,0.421875
10,1,28,25,0.578125,0.5515625,5.25098087189,-36.7096523586,0.0416666666667,0.000493096646943,5.25098087189,0,2.91278098357,2.91278098357,0,0.421875
6,3,50,3,0.622516719035,0.580861034563,4.75686400864,-29.7708449596,0.140104330849,0.00185859063307,-0.54727464636,-0.299823871781,2.53680543417,-0.219426164023,-0.821912672682,0.622516719035
1,4,10,42,0.292493950059,0.363046007039,3.94716136169,-29.0766868398,0.200196927811,0.00443098916123,-0.809702646951,-0.181737793638,2.1029836555,-0.433821778679,-0.539294637931,0.707506049941
4,4,3,51,0.406024563442,0.437976211872,3.90772321393,-31.8635382627,0.191276147501,0.00660109247678,-0.256271025953,-0.229834314888,2.03779322029,-0.262134905755,-0.560755069097,0.406024563442
9,5,15,40,0.425157633757,0.45060403828,4.13584144349,-35.914928563,0.11500031331,0.0157113998865,0.294798070985,-0.300835145708,2.19871164849,0.139192219507,-0.762182571983,0.574842366243
8,2,15,39,0.609252806814,0.572106852497,4.66839364558,-41.4828315273,0.0771196283391,0.00141560922363,-0.582587226302,-0.268144344461,2.60930071407,-0.303480269505,-0.757481672519,0.390747193186
10,2,19,34,0.552817123072,0.534859301228,5.304138655,-37.913401145,0.0627006610009,0.0005757172188,0.0531577831163,-0.202494078323,2.7562315982,-0.156549385376,0.212567902627,0.447182876928
6,4,3,50,0.239156694158,0.327843418144,3.94716136169,-23.2088553492,0.200196927811,0.00443098916123,-0.809702646951,-0.181737793638,2.1029836555,-0.433821778679,-0.539294637931,0.239156694158
1,5,45,7,0.851968619559,0.732299288909,4.5964242999,-23.245668983,0.0937442557361,0.00584973243292,0.64926293821,-0.30158268483,2.39105254776,0.288068892264,0.290330102105,0.148031380441
4,5,11,43,0.455735336339,0.470785321984,4.2331800149,-35.6504116575,0.074243632859,0.0119203991282,0.325456800972,-0.27369325787,1.9949735494,-0.0428196708933,-0.815645105867,0.544264663661
9,6,11,44,0.137609668976,0.260822381524,3.85438231248,-28.0806216073,0.211827351597,0.00511628969903,-0.281459131004,-0.266959247152,2.06419872639,-0.134512922102,0.162126581707,0.862390331024
8,3,16,38,0.554758173225,0.536140394329,4.47957647344,-39.1643347278,0.111883455411,0.00169522639602,-0.18881717214,-0.187993582203,2.4153986779,-0.193902036167,0.168394220082,0.445241826775
3,1,22,31,0.578125,0.5515625,5.25098087189,-37.9515674057,0.0416666666667,0.000493096646943,5.25098087189,0,2.91278098357,2.91278098357,0,0.421875
10,3,31,22,0.429372875531,0.45338609785,5.58217210397,-37.8096238875,0.0972995113132,0.000665408678189,0.278033448971,-0.214052218507,2.61528339142,-0.140948206778,0.269817959922,0.429372875531
6,5,24,29,0.514646293567,0.509666553754,4.26572575355,-36.8433848847,0.103810160108,0.0127419963758,0.318564391862,-0.303315459858,2.22070887975,0.117725224259,-0.88276275737,0.514646293567
1,6,40,12,0.615000387378,0.57590025567,4.3201769319,-32.3662712851,0.106251273816,0.00629917259033,-0.276247368002,-0.0707466071698,2.1154311516,-0.275621396155,0.112054611766,0.384999612622
4,6,33,21,0.565526145997,0.543247256358,3.73070297772,-36.5921680534,0.130892388517,0.0238198402268,-0.502477037175,-0.255394944265,1.9708795095,-0.0240940398981,0.37596511609,0.565526145997
2,1,30,23,0.421875,0.4484375,5.25098087189,-37.7445815645,0.0416666666667,0.000493096646943,5.25098087189,0,2.91278098357,2.91278098357,0,0.421875
9,7,18,37,0.209178833519,0.308058030122,4.81150144597,-34.8197757381,0.138065796198,0.00167016263781,0.957119133486,-0.266316548117,2.54887163071,0.484672904324,0.414792365748,0.209178833519
8,4,41,13,0.590554967928,0.559766278833,4.50255446948,-34.4555172177,0.173206997595,0.00206172957241,0.0229779960389,-0.213174307558,2.21619696034,-0.19920171756,0.0545027893838,0.590554967928
3,2,39,14,0.560056657224,0.539637393768,5.304138655,-34.9178280204,0.0627006610009,0.0005757172188,0.0531577831163,-0.202494078323,2.7562315982,-0.156549385376,0.212567902627,0.560056657224
10,4,3,50,0.35144752165,0.401955364289,4.45121918903,-28.4387369999,0.178123226038,0.00211542334809,-1.13095291494,-0.26542039034,2.19154312333,-0.423740268089,-0.983457206574,0.64855247835
5,1,21,34,0.421875,0.4484375,5.25098087189,-37.0717092328,0.0416666666667,0.000493096646943,5.25098087189,0,2.91278098357,2.91278098357,0,0.421875
6,6,36,16,0.59867474397,0.56512533102,4.00816661235,-33.8686374215,0.169056478701,0.0255276799826,-0.257559141207,-0.230971148703,1.98607919441,-0.234629685342,-0.497304997043,0.40132525603
2,2,7,46,0.390747193186,0.427893147503,4.66839364558,-31.6299293888,0.0771196283391,0.00141560922363,-0.582587226302,-0.268144344461,2.60930071407,-0.303480269505,-0.757481672519,0.390747193186
4,7,25,29,0.457330935785,0.471838417618,3.61506957563,-37.2902046198,0.199983858542,0.036408506337,-0.115633402097,-0.208277328143,1.71388775147,-0.256991758033,-0.497747030202,0.457330935785
1,7,33,19,0.549041321179,0.532367271978,4.3299679342,-35.2452841564,0.15313165153,0.00716517217169,0.00979100229981,-0.185287794793,1.78007151925,-0.335359632356,0.086343702261,0.450958678821
9,8,22,33,0.23361701657,0.324187230936,4.72186152811,-37.7122431851,0.0761907921841,0.00125397726859,-0.0896399178585,-0.299153966001,2.62397100087,0.0750993701558,-0.772987001777,0.76638298343
8,5,48,6,0.734909434856,0.655040227005,3.46388574591,-26.6927790506,0.256824702451,0.00608460738865,-1.03866872358,-0.196737242706,1.71712998457,-0.499066975768,-0.6898166859,0.590554967928
3,3,43,10,0.686351949455,0.62299228664,4.25668994078,-30.1034053935,0.0964379956464,0.00166313711744,-1.04744871423,-0.210770256426,2.34865254413,-0.407579054071,-0.791355592331,0.313648050545
5,2,46,8,0.609252806814,0.572106852497,4.66839364558,-32.4788111587,0.0771196283391,0.00141560922363,-0.582587226302,-0.268144344461,2.60930071407,-0.303480269505,-0.757481672519,0.390747193186
10,5,32,21,0.720714039009,0.645671265746,5.28148104849,-35.7870065481,0.0753341070098,0.00265877104114,0.830261859459,-0.290156699964,2.425828743,0.234285619666,0.36643338223,0.279285960991
2,3,46,7,0.725939336692,0.649119962217,4.39074903831,-27.209512142,0.14959176583,0.00382842179438,-0.277644607277,-0.27874577342,2.35468717152,-0.25461354255,-0.739015249013,0.725939336692
6,7,34,18,0.868941690799,0.743501515928,3.40897061847,-34.5684575619,0.248293377804,0.00854223591947,-0.599195993879,-0.19295180867,1.79355095978,-0.192528234635,0.329473630545,0.131058309201
4,8,28,26,0.652876303653,0.600898360411,4.00314628515,-38.1432434604,0.0720527508627,0.0501075334719,0.38807670952,-0.254767624647,1.58339454065,-0.130493210818,-0.85901745415,0.347123696347
1,8,47,5,0.951659117253,0.798095017387,4.73683989594,-18.5995884798,0.0488992883866,0.00804947217998,0.40687196174,-0.215755543104,1.74669334262,-0.0333781766254,0.27691584689,0.0483408827466
9,9,35,20,0.417455968966,0.445520939518,5.37028916431,-40.0924107969,0.0399535621248,0.00186296939311,0.648427636195,-0.302868960722,2.92413562521,0.300164624341,0.376075951943,0.417455968966
8,6,50,4,0.85998775502,0.737591918313,2.77689788663,-20.5696458698,0.325422003484,0.0121021094332,-0.686987859275,-0.127641216057,1.22612211436,-0.491007870214,-0.299202781351,0.14001224498
3,4,27,26,0.462212350135,0.475060151089,4.17644486843,-36.8527354334,0.128482387508,0.00186850216703,-0.0802450723511,-0.151182157291,2.15537171036,-0.193280833766,0.0591961813794,0.462212350135
2,4,28,25,0.664501979501,0.60857130647,3.90772321393,-37.3547512214,0.191276147501,0.00660109247678,-0.483025824381,-0.132000428392,2.03779322029,-0.316893951227,-0.311358103961,0.335498020499
6,8,14,38,0.228772579287,0.320989902329,3.02738919674,-30.6193712314,0.277179668316,0.0100921287388,-0.381581421728,-0.0625396777394,1.51685383568,-0.276697124101,0.109250320486,0.771227420713
5,3,42,12,0.427555503224,0.452186632128,4.47957647344,-40.5555792556,0.111883455411,0.00169522639602,-0.18881717214,-0.187993582203,2.4153986779,-0.193902036167,0.168394220082,0.427555503224
4,9,46,8,0.737184696324,0.656541899574,3.42563524234,-27.9048843976,0.0995239580537,0.0775745273461,-0.577511042804,-0.16728388741,1.39519587228,-0.188198668372,0.289942884489,0.737184696324
10,6,10,43,0.0983518985192,0.234912253023,5.41685541749,-25.9993165011,0.0968407797208,0.00285624040668,0.135374369004,-0.134538123741,2.2004319825,-0.225396760502,0.17652533927,0.0983518985192
1,9,43,9,0.805813483062,0.701836898821,4.62604737702,-26.1153639172,0.050854106938,0.00825664357232,-0.110792518923,-0.0228709052866,1.56538828388,-0.181305058741,0.0235348375945,0.805813483062
8,7,4,50,0.0829871561609,0.224771523066,2.35543501037,-18.7005575894,0.366192004258,0.0144239274266,-0.421462876263,-0.0668668140869,0.806016630284,-0.420105484077,0.0463051066131,0.917012843839
9,10,25,30,0.455355119356,0.470534378775,4.7930949028,-37.9237676381,0.0744329920823,0.00500242165407,-0.577194261508,-0.269720783132,2.63456326289,-0.28957236232,-0.756337246586,0.544644880644
3,5,46,7,0.703396468626,0.634241669293,3.59479674759,-27.985437141,0.22447764012,0.00494310439087,-0.581648120836,-0.252835062277,1.8442315179,-0.31114019246,-0.612023800401,0.296603531374
2,5,7,46,0.291095580877,0.362123083379,3.26425999548,-27.7924548149,0.260871981209,0.00990495885387,-0.643463218447,-0.161708289901,1.70563202942,-0.332161190867,0.246055010582,0.291095580877
6,9,29,23,0.591548953503,0.560422309312,3.66059503468,-35.6975135727,0.146797588559,0.00313269468538,0.633205837936,-0.302364919845,1.94113292681,0.424279091134,0.0361612115481,0.408451046497
4,10,47,7,0.877726783886,0.749299677364,3.31738041575,-23.2494437013,0.125818146927,0.0872645530076,-0.108254826592,-0.126535016278,1.19542266536,-0.199773206916,-0.325054238707,0.122273216114
5,4,7,47,0.251979595932,0.336306533315,3.91621873916,-26.8950651185,0.205364912169,0.00496157959738,-0.563357734284,-0.266086178929,2.09079220084,-0.324606477067,-0.727192469662,0.251979595932
8,8,13,41,0.0476843716615,0.201471685297,3.36132119642,-30.0517624878,0.276959642728,0.00468000242616,1.00588618605,-0.206616120364,1.34076654137,0.534749911088,0.37248930449,0.0476843716615
10,7,12,41,0.274582940564,0.351224740772,5.39285999895,-30.2953729912,0.0700811998553,0.00236383224783,-0.0239954185426,-0.227592316125,2.51630732084,0.315875338346,-0.639091045928,0.274582940564
1,10,49,3,0.996098249897,0.827424844932,3.95804062311,-14.5531802543,0.060140623597,0.012165838121,-0.668006753909,-0.0931428547595,1.37515428576,-0.190233998123,-0.292347456547,0.00390175010332
9,11,24,30,0.595260927142,0.562872211914,4.9432309201,-38.6187548495,0.131296215994,0.00599910559247,0.150136017303,-0.255544104962,2.56852385647,-0.0660394064215,0.242033049431,0.544644880644
3,6,50,3,0.933057337146,0.785817842516,3.19615996729,-16.6742985653,0.293762536143,0.00578864614409,-0.3986367803,-0.142937300591,1.26107549559,-0.58315602231,-0.0367172989788,0.0669426628543
6,10,30,22,0.430082794153,0.453854644141,3.74696165294,-37.0064916001,0.217411042493,0.00350252812178,0.0863666182624,-0.196274858554,1.75562155047,-0.185511376343,0.0158681079708,0.569917205847
4,11,49,5,0.992416034424,0.82499458272,2.96303982225,-18.1412362427,0.139368886848,0.0996618432804,-0.354340593504,-0.0582995448529,0.952608788368,-0.242813876994,0.0845449633271,0.992416034424
7,1,30,23,0.421875,0.4484375,5.25098087189,-37.7445815645,0.0416666666667,0.000493096646943,5.25098087189,0,2.91278098357,2.91278098357,0,0.421875
2,6,31,22,0.512545943708,0.508280322847,3.78888195173,-36.5950098846,0.122467301426,0.0211217508819,0.524621956255,-0.301748334723,1.94519431735,0.239562287926,-0.841410035471,0.512545943708
5,5,17,37,0.437542244989,0.458777881693,4.26572575355,-35.9614588038,0.103810160108,0.0127419963758,0.349507014394,-0.30384884658,2.22070887975,0.129916678918,-0.752035405963,0.562457755011
8,9,46,8,0.196444619108,0.299653448611,3.73793285119,-58.2853575382,0.233696061035,0.00409408330413,0.376611654775,-0.141637529029,1.77251893606,0.431752394688,-0.415296183334,0.196444619108
1,11,41,11,0.830448489533,0.718096003092,3.93804375335,-27.5053081306,0.0603277964051,0.0121907906538,-0.0199968697562,-0.00183631598482,1.34994851835,-0.0252057674089,0.00418997549214,0.169551510467
10,8,38,15,0.383097047714,0.422844051492,4.61778936098,-40.9532115536,0.16561303669,0.00179197757464,-0.775070637971,-0.30325905569,2.25364727634,-0.262660044506,-0.996669301521,0.616902952286
9,12,28,26,0.097336883945,0.234242343404,5.02319675095,-47.5783011283,0.193606749398,0.00676172198598,0.0799658308516,-0.194545595354,2.50781488532,-0.0607089711475,0.284097115863,0.097336883945
3,7,50,3,0.753407614426,0.667249025521,2.98720602757,-23.5306802364,0.310279166248,0.00607668412317,-0.208953939723,-0.031737555642,1.00182549452,-0.259250001069,0.0129353780085,0.753407614426
7,2,10,43,0.390747193186,0.427893147503,4.66839364558,-32.5012861986,0.0771196283391,0.00141560922363,-0.582587226302,-0.268144344461,2.60930071407,-0.303480269505,-0.757481672519,0.390747193186
6,11,32,20,0.967699934876,0.808681957018,4.51264789325,-39.8715480322,0.0814354941632,0.00387674486447,0.765686240308,-0.265159369664,2.04718470534,0.291563154873,0.328852461077,0.0323000651245
4,12,41,13,0.923476277077,0.779494342871,2.92282937646,-29.8673188342,0.140214467472,0.10141318324,-0.04021044579,-0.00357091522554,0.932189965039,-0.0204188233289,-0.0140339901357,0.923476277077
5,6,16,38,0.157535669898,0.273973542133,4.09454858477,-32.8819950372,0.187808602654,0.0038983041187,-0.171177168783,-0.262385399306,2.2016301515,-0.0190787282589,0.248560537791,0.157535669898
2,7,41,12,0.788100222509,0.690146146856,3.61506957563,-29.2647821777,0.199983858542,0.036408506337,-0.173812376107,-0.231880761456,1.71388775147,-0.231306565883,-0.443256896188,0.211899777491
8,10,19,35,0.188377659231,0.294329255092,4.10193501227,-35.439296341,0.132580921595,0.0124057263722,0.364002161074,-0.295951771451,2.08112340435,0.308604468293,-0.896791289878,0.811622340769
1,12,42,10,0.960745586145,0.804092086855,3.85871873855,-25.4588477903,0.0697289370789,0.0125948681789,-0.0793250147975,-0.0811767151946,1.03227145672,-0.317677061631,0.0619799137482,0.0392544138553
9,13,26,28,0.49649958452,0.497689725783,5.24475164791,-37.4212830294,0.140508957174,0.00535768003187,0.221554896961,-0.226321183049,2.81167550963,0.303860624306,-0.542070040186,0.50350041548
7,3,48,5,0.725939336692,0.649119962217,4.39074903831,-25.9791658442,0.14959176583,0.00382842179438,-0.277644607277,-0.27874577342,2.35468717152,-0.25461354255,-0.739015249013,0.725939336692
10,9,29,24,0.751980661621,0.66630723667,5.28349194679,-38.1149574671,0.0665829781404,0.00233431631595,0.665702585814,-0.281156037449,2.53366035905,0.280013082715,0.217469922271,0.248019338379
3,8,51,2,0.902382174671,0.765572235283,2.10999144423,-16.5249325013,0.385960410785,0.0160460580044,-0.877214583337,-0.118643473422,0.516220881843,-0.485604612679,-0.411896885183,0.902382174671
4,13,31,23,0.654435252828,0.601927266867,2.77797123553,-36.9219509721,0.149299361909,0.10472853678,-0.144858140927,-0.0363176309083,0.834448363018,-0.097741602021,-0.0825665272982,0.654435252828
6,12,42,10,0.74877360748,0.664190580937,4.429250924,-28.0979332017,0.0835822532813,0.00393767716865,-0.0833969692451,-0.0152534641231,1.95559515346,-0.0915895518824,0.0305284637414,0.74877360748
5,7,24,30,0.367020894285,0.412233790228,4.60075717839,-37.2107317028,0.116534838374,0.0116670677025,0.506208593617,-0.279511750944,2.40991016289,0.20828001139,-0.810762973824,0.632979105715
8,11,29,25,0.699365141098,0.631580993125,5.00449364818,-38.2897031902,0.0765766782647,0.00355725841299,0.902558635913,-0.293415597232,2.54632897848,0.465205574131,0.67841609652,0.300634858902
2,8,25,28,0.205201931083,0.305433274515,3.08689648124,-39.8556756993,0.240509352035,0.050302973333,-0.528173094391,-0.101758702212,1.45747731458,-0.256410436886,0.236565103762,0.211899777491
1,13,42,10,0.89839551217,0.762941038032,3.79237339758,-25.7585939828,0.0719756091642,0.0126888933701,-0.0663453409775,-0.0185526038938,0.881913713227,-0.150357743493,0.016179428761,0.89839551217
7,4,34,19,0.664501979501,0.60857130647,3.90772321393,-34.7068868576,0.191276147501,0.00660109247678,-0.483025824381,-0.132000428392,2.03779322029,-0.316893951227,-0.311358103961,0.335498020499
3,9,52,1,0.989709289421,0.823208131018,1.65160005451,-11.8491854132,0.418441430067,0.0308583246725,-0.458391389723,-0.0464310623525,0.274142235031,-0.242078646812,-0.153875209298,0.0102907105791
9,14,44,10,0.191344319034,0.296287250562,5.60933647386,-57.0365879068,0.047994807773,0.00606846439672,0.364584825942,-0.238745062163,2.77728811398,-0.0343873956419,0.366429618745,0.191344319034
6,13,23,29,0.478510614285,0.485817005428,3.92071033574,-35.8943405679,0.104447838037,0.00636719711235,-0.508540588264,-0.12089827536,1.80207929526,-0.153515858196,-0.321872200496,0.478510614285
5,8,21,33,0.368215698622,0.41302236109,4.81576771344,-36.1506867057,0.0480574930857,0.0163102380579,0.215010535049,-0.285934691933,2.49339220153,0.0834820386481,0.191058219392,0.631784301378
4,14,36,18,0.936419743447,0.788037030675,2.73610415839,-36.4997535576,0.102237243497,0.113081136539,-0.0418670771381,-0.166537377717,0.531197454919,-0.303250908099,-0.57390382945,0.0635802565532
8,12,41,13,0.77743813529,0.683109169291,4.89652467193,-30.5646976768,0.100634192054,0.00393459315781,-0.107968976252,-0.144889569629,2.29600434054,-0.250324637948,0.188712791284,0.22256186471
10,10,27,26,0.358796947083,0.406805985075,5.3454203345,-37.8623880775,0.0829405247536,0.00248857878639,0.0619283877078,-0.119337836779,2.36407697508,-0.169583383973,0.118409147344,0.358796947083
2,9,46,7,0.929809846953,0.783674498989,3.41091556756,-21.9298275317,0.133864229138,0.110118292454,0.32401908632,-0.298254436164,1.54301555185,0.0855382372688,-0.650038958108,0.211899777491
7,5,49,4,0.708904419123,0.637876916621,3.26425999548,-26.0939712728,0.260871981209,0.00990495885387,-0.643463218447,-0.161708289901,1.70563202942,-0.332161190867,0.246055010582,0.291095580877
1,14,51,1,0.999295228768,0.829534850987,3.39071122952,-11.3006223527,0.0783019298062,0.0157813333177,-0.401662168053,-0.0483468094765,0.761264440539,-0.120649272688,-0.108767434235,0.000704771231933
3,10,51,2,0.978185847392,0.815602659279,1.59288840865,-13.7765517466,0.421893776154,0.0315913310848,-0.0587116458555,-0.00484698165874,0.201496804766,-0.0726454302656,0.00424323760002,0.978185847392
8,13,46,7,0.656953220372,0.603589125445,4.72598416315,-29.7007604523,0.122273837272,0.00426491999512,-0.17054050878,-0.106947531946,1.98746938542,-0.308534955112,0.182781612125,0.656953220372
5,9,20,34,0.54231864435,0.527930305271,5.18005552861,-38.2971939947,0.019780463709,0.0043969921301,0.364287815169,-0.285593627077,2.72839792794,0.235005726405,0.535460770365,0.54231864435
4,15,42,12,0.891427481774,0.758342137971,2.52020303811,-28.6608544418,0.107681376381,0.119702648345,-0.215901120286,-0.030132300719,0.342106831552,-0.189090623367,0.00726617493637,0.891427481774
9,15,32,22,0.493001123205,0.495380741315,5.33362157934,-37.5246401063,0.134449559932,0.00445456786217,-0.275714894516,-0.294396364165,2.82280642899,0.0455183150048,-0.836954432374,0.506998876795
6,14,36,16,0.620315419312,0.579408176746,3.56341517625,-33.5044102323,0.178445185331,0.0120071591724,-0.35729515949,-0.246244146277,1.51514248521,-0.286936810052,-0.400743194648,0.620315419312
2,10,41,12,0.577859571922,0.551387317469,3.24061496952,-34.0271736628,0.141777370997,0.119547809934,-0.170300598032,-0.0332889873139,1.46999812456,-0.0730174272858,-0.0562030330113,0.211899777491
10,11,35,18,0.564778866329,0.542754051777,4.5674831834,-35.4740745271,0.169222278116,0.0068436946007,-0.777937151102,-0.288217165107,2.08518143555,-0.27889553953,-0.871079553734,0.564778866329
7,6,5,48,0.146103024545,0.2664279962,2.65486112149,-21.4850733083,0.339444395559,0.0134601405652,-0.609398873988,-0.140267996253,1.15062026418,-0.555011765246,0.0586568291106,0.853896975455
1,15,48,4,0.815660957061,0.70833623166,3.38618682076,-21.480761412,0.0783458364188,0.0157874704281,-0.00452440876299,-0.000331562787585,0.754461214897,-0.00680322564187,0.000704532497668,0.184339042939
3,11,53,0,0.989240266939,0.82289857618,1.46082546327,-10.3308830988,0.429341211954,0.0391479049182,-0.132062945382,-0.0102888253187,0.13925867732,-0.0622381274457,-0.0331291747863,0.989240266939
5,10,34,20,0.455957094821,0.470931682582,4.74554788982,-38.3361904849,0.0310983944558,0.0083610007136,-0.434507638788,-0.218773292922,2.50907131688,-0.219326611059,-0.628154422623,0.455957094821
8,14,45,8,0.97600091852,0.814160606223,3.97426940346,-22.7148728582,0.168139684194,0.0080885805197,-0.751714759687,-0.165330861158,1.65501328444,-0.332456100986,-0.487998769266,0.0239990814796
6,15,23,29,0.202354023447,0.303553655475,3.10439135843,-37.9116997995,0.255622046373,0.00606117791678,-0.459023817821,-0.182778783527,1.42246097091,-0.092681514303,-0.609078217657,0.202354023447
4,16,48,6,0.999618223964,0.829748027817,2.34645256029,-19.5812483507,0.117856489731,0.122447102172,-0.173750477812,-0.0516983845254,0.177881577829,-0.164225253723,-0.162920471615,0.999618223964
9,16,20,33,0.171196110581,0.282989432984,5.691758657,-36.2248495485,0.0461391073213,0.00504750680248,0.358137077659,-0.240220528723,2.76967250856,-0.0531339204254,0.373629759283,0.171196110581
2,11,28,25,0.809950751255,0.704567495828,3.12752090447,-40.2876640872,0.213416620585,0.152593623873,-0.113094065058,-0.202616475579,1.35734053053,-0.112657594034,-0.460731115308,0.190049248745
7,7,11,42,0.255423516802,0.338579521089,3.66588980362,-29.2743108842,0.216589652995,0.00420882099451,1.01102868213,-0.272397470329,1.8603466618,0.709726397626,0.179392806041,0.255423516802
10,12,40,13,0.988707853954,0.82254718361,3.47678530501,-30.2916341471,0.25878110053,0.00419106414947,-1.09069787839,-0.208618586793,1.60600325289,-0.47917818266,-0.773085683998,0.011292146046
5,11,24,30,0.65913111001,0.605026532606,4.51421252102,-39.9276918175,0.0548097916385,0.0194050166776,-0.231335368801,-0.255307889739,2.342170512,-0.166900804883,-1.09430882371,0.65913111001
1,16,48,4,0.949401729032,0.796605141161,3.33704967018,-17.2854396972,0.0911804345007,0.0160414820275,-0.0491371505756,-0.0883567804482,0.43075732804,-0.323703886857,0.126602613003,0.0505982709679
8,15,27,26,0.495764131953,0.497204327089,3.91259174283,-36.7432204601,0.17141082093,0.00812781248618,-0.0616776606293,-0.0113223054414,1.56301035238,-0.0920029320621,0.0108463723307,0.495764131953
3,12,53,0,0.989839312588,0.823293946308,1.39388065585,-10.3054248162,0.433046327017,0.0443530577673,-0.0669448074198,-0.0050681819604,0.115963845482,-0.0232948318383,-0.0168878212912,0.989839312588
4,17,40,14,0.991640653577,0.824482831361,2.34349289006,-32.0802162057,0.11789227958,0.122497213383,-0.00295967023025,-0.000179601112874,0.17610782139,-0.00177375643909,-0.000748678637353,0.00835934642264
6,16,40,12,0.878555433003,0.749846585782,3.41481831929,-28.1436365361,0.143156727318,0.0180708932192,0.310426960864,-0.297555091498,1.85492683382,0.432465862909,-0.775678650037,0.121444566997
9,17,23,30,0.279205632781,0.354275717636,5.38593157288,-36.9881157432,0.135324696307,0.00393637623433,-0.305827084119,-0.286553494237,2.83206472732,0.0623922187601,-0.846190614254,0.279205632781
7,8,39,14,0.958227497571,0.802430148397,3.71180548995,-31.2875914346,0.108749167376,0.00285108254845,0.0459156863295,-0.303879735845,2.13999574302,0.279649081215,-0.712553113365,0.0417725024293
2,12,44,9,0.840860087175,0.724967657535,2.59705642169,-25.7694415718,0.251410682631,0.189835715312,-0.530464482775,-0.0911316619649,1.07298328132,-0.28435724921,0.126251972177,0.190049248745
5,12,36,18,0.548699969724,0.532141980018,4.18779450482,-36.3830453321,0.0373403967083,0.0288104626826,-0.326418016193,-0.164286542748,2.0648037089,-0.277366803093,-0.572994251428,0.451300030276
8,16,35,18,0.935149531797,0.787198690986,3.07226060415,-36.2277455269,0.286141880954,0.005492724497,-0.840331138681,-0.239055891569,1.14268955558,-0.420320796797,-0.839156797559,0.935149531797
10,13,32,21,0.797505097349,0.69635336425,3.42898453906,-36.6104406448,0.261125826846,0.00421411049468,-0.0478007659495,-0.00531930868062,1.55692734197,-0.0490759109181,0.00558338824766,0.202494902651
1,17,49,3,0.989202045505,0.822873350033,3.245600423,-14.7453667349,0.0950028523859,0.0161767870069,-0.0914492471808,-0.0239450451439,0.236972134502,-0.193785193537,0.0263543086721,0.0107979544947
3,13,52,1,0.996025676437,0.827376946448,1.33238924602,-11.6103791182,0.436573660034,0.0498346899289,-0.0614914098302,-0.00478566457053,0.0944406314437,-0.0215232140381,-0.0153639884766,0.00397432356293
6,17,45,7,0.93042031909,0.784077410599,3.25062268658,-21.6759858729,0.158459191423,0.00419885438956,-0.164195632714,-0.0578998855662,1.75207997639,-0.102846857423,0.149350493892,0.93042031909
4,18,49,4,0.999928405189,0.829952747425,2.29829292385,-16.2196547176,0.118681176041,0.123345761142,-0.0451999662143,-0.0039363751701,0.128933862313,-0.0471739590778,0.00340444877047,0.999928405189
7,9,31,22,0.624293244713,0.582033541511,3.55187342108,-35.9698332805,0.112485565382,0.00297853568532,-0.159932068869,-0.01974844924,2.03916100287,-0.100834740148,0.0565603419258,0.624293244713
9,18,29,24,0.718646752864,0.64430685689,5.09324382507,-37.556310292,0.0649358599167,0.0118547806159,-0.292687747813,-0.302921717199,2.76723585135,-0.06482887597,-0.808688115387,0.281353247136
2,13,33,20,0.652990039561,0.60097342611,2.29230681565,-35.1782957927,0.287834725336,0.20567630124,-0.304749606041,-0.0761274391413,0.935564631361,-0.13741864996,-0.142387373822,0.652990039561
5,13,27,27,0.428388707468,0.452736546929,4.00846495689,-37.6722861289,0.0582410905954,0.0379347758887,-0.179329547933,-0.215909239577,1.91730312745,-0.147500581451,0.13146626408,0.571611292532
8,17,51,2,0.985995175398,0.820756815762,2.78721926454,-13.5119729826,0.301699893446,0.00751710538196,-0.285041339611,-0.0307385862139,0.982398294212,-0.160291261366,-0.0889484644852,0.985995175398
1,18,40,12,0.989111368106,0.82281350295,3.21239933517,-28.5676577601,0.095825642521,0.0162047821903,-0.0332010878318,-0.0050862090451,0.17245511694,-0.0645170175623,0.00628589968041,0.0108886318938
7,10,39,14,0.864522253578,0.740584687362,3.18941103958,-30.6028458715,0.160408314313,0.00573146188239,-0.3624623815,-0.180896914678,1.82653193722,-0.212629065656,-0.360174569507,0.135477746422
10,14,29,23,0.219929519596,0.315153482933,3.13556304196,-42.1930619866,0.311242032291,0.00464633910406,-0.293421497095,-0.097183194829,1.15193320474,-0.404994137234,-0.0200269003551,0.780070480404
6,18,40,12,0.97152587801,0.811207079487,3.05982793024,-28.3745310393,0.167739979628,0.00533773914412,-0.190794756332,-0.0329972675539,1.69929786058,-0.0527821158099,-0.10841706448,0.0284741219895
4,19,40,13,0.976925228492,0.814770650805,2.29765331155,-30.1140310685,0.118687933042,0.123355449635,-0.000639612297629,-3.36794761193e-05,0.128595321285,-0.000338541027553,-0.000153830492613,0.976925228492
3,14,53,0,0.996696616531,0.82781976691,1.30806283414,-10.0148705185,0.437957740283,0.0506912274557,-0.0243264118742,-0.00187048850506,0.0629021980369,-0.0315384334068,0.00353721235901,0.996696616531
2,14,28,25,0.936761315172,0.788262468013,2.25984435093,-45.4720722738,0.197416348946,0.222375576961,-0.0324624647233,-0.167229437103,0.626277626763,-0.309287004598,-0.541703843472,0.0632386848283
9,19,27,26,0.338900466206,0.393674307696,4.91193503111,-38.1790339993,0.0836507685033,0.012550128885,-0.181308793956,-0.135541728528,2.54794945959,-0.21928639176,0.275169569801,0.338900466206
5,14,29,25,0.754285214474,0.667828241553,4.30273782808,-39.260581074,0.043738396948,0.0105761182591,0.294272871186,-0.265781370532,2.30695668511,0.389653557656,0.6057641548,0.245714785526
8,18,16,37,0.10361718521,0.238387342238,2.70747645669,-33.0174705377,0.30509757184,0.00813088591199,-0.0797428078459,-0.00659931282062,0.945855263907,-0.0365430303051,-0.0184934793584,0.10361718521
7,11,45,8,0.983419144625,0.819056635452,2.9208271696,-22.6586616482,0.17977538984,0.00639002509313,-0.268583869981,-0.0646747707604,1.62317271412,-0.203359223093,0.0472616231335,0.983419144625
1,19,52,0,0.999974995468,0.829983497009,3.17872281868,-9.69017199856,0.0966625887971,0.016232862016,-0.0336765164948,-0.00512897757253,0.107094043591,-0.0653610733488,0.00645702304535,2.50045317787e-05
6,19,31,21,0.55330132024,0.535178871358,2.98371969905,-35.467936675,0.171625946829,0.00552848931895,-0.0761082311986,-0.01344065255,1.63834815588,-0.0609497047007,0.0358354024806,0.44669867976
10,15,17,35,0.292032274368,0.362741301083,4.57133790924,-33.0093967344,0.167890086434,0.00556571643216,1.43577486728,-0.301157144429,1.98678952174,0.834856317002,0.4095244032,0.707967725632
2,15,48,5,0.997028374287,0.828038727029,2.00151271232,-17.8598069113,0.207869302769,0.235514916456,-0.258331638611,-0.0299692918497,0.423534150726,-0.202743476036,0.0291010428396,0.0632386848283
4,20,39,14,0.993548026147,0.825741697257,2.23425544815,-31.9284896608,0.120906397803,0.123782680906,-0.0633978634064,-0.0108850389157,0.0927153853797,-0.0358799359053,-0.0355603575514,0.993548026147
5,15,34,20,0.390000360587,0.427400237987,4.12679473,-40.0525349341,0.0543595900983,0.0115634840327,-0.175943098073,-0.118216412151,2.04727953761,-0.259677147501,0.273768995665,0.390000360587
9,20,26,27,0.396459016924,0.43166295117,4.42367506847,-37.0989625144,0.176364412156,0.00741453456982,-0.488259962637,-0.293233753126,2.28126435376,-0.266685105831,-0.74931436769,0.603540983076
3,15,51,2,0.996181574204,0.827479838975,1.28471940438,-13.1723796737,0.439111191789,0.0528957520539,-0.0233434297628,-0.00155458735718,0.0567991502931,-0.00610304774377,-0.00517709043514,0.00381842579591
7,12,44,9,0.995857274485,0.82726580116,2.82018070568,-24.1476977875,0.182177357595,0.00738283720354,-0.100646463922,-0.0078156047032,1.59939134737,-0.023781366755,-0.0325972515615,0.00414272551531
8,19,40,13,0.996460796469,0.827664125669,3.17516910175,-30.4239434204,0.217572739919,0.0260550424851,0.467692645059,-0.233943438819,1.29726409138,0.351408827478,-1.00916711355,0.0035392035314
1,20,48,4,0.980595216998,0.817192843219,3.17847296529,-16.48754222,0.0966645107894,0.0162336905448,-0.000249853383117,-1.17625103379e-05,0.106784811885,-0.000309231706477,-1.49195604914e-05,0.980595216998
5,16,31,23,0.537032779175,0.524441634255,4.01226960529,-37.1031653662,0.0527824457867,0.0285165105413,-0.114525124716,-0.278984729735,2.04007118253,-0.00720835507608,-1.40151458833,0.462967220825
2,16,34,19,0.897062166112,0.762061029634,1.98364271083,-36.5178538334,0.20836165709,0.236087958323,-0.0178700014837,-0.00139840378759,0.412564551884,-0.0109695988427,-0.00456422534967,0.897062166112
6,20,37,15,0.990604531982,0.823798991108,2.96128809452,-33.2136102964,0.266171823089,0.00650618427011,-0.0224316045221,-0.213833365363,1.31540341607,-0.322944739814,-0.107085426197,0.00939546801775
10,16,26,26,0.13329010319,0.257971468106,5.70959554459,-42.9851206923,0.0786822857185,0.00648117219838,1.13825763535,-0.301637997439,2.10606917707,0.119279655328,0.765916062062,0.13329010319
4,21,49,4,0.999993936865,0.829995998331,2.20614971241,-16.218118787,0.121529905187,0.124035469378,-0.0281057357316,-0.00303749717715,0.0779613128361,-0.0147540725437,-0.00757103366281,0.999993936865
3,16,50,3,0.998698870016,0.82914125421,1.2617002528,-14.6689916994,0.440448542694,0.0538237586433,-0.023019151585,-0.00179708198073,0.0248068478721,-0.031992302421,0.00280258526993,0.0013011299843
9,21,27,26,0.728485979931,0.650800746754,5.10101703767,-38.9528248481,0.0694568528183,0.00813337989179,0.677341969194,-0.276892877419,2.56170931858,0.28044496482,0.491067022169,0.271514020069
7,13,31,22,0.547928051643,0.531632514084,2.79640803267,-36.2729319584,0.182779472561,0.00742984992376,-0.0237726730071,-0.00194978592791,1.58084686262,-0.0185444847511,0.00600219750588,0.452071948357
5,17,39,15,0.632007692517,0.587125077061,4.22184493517,-34.0373374607,0.03421931135,0.00721959805584,0.209575329886,-0.221132025523,2.29852948843,0.258458305893,0.661344459844,0.632007692517
8,20,37,16,0.820752660994,0.711696756256,3.15529008781,-32.4837031798,0.218186784388,0.0261163924758,-0.019879013944,-0.00166561346947,1.27801960576,-0.0192444856267,0.00167447697139,0.179247339006
1,21,48,4,0.99771949445,0.828494866337,3.06815690632,-16.0835109622,0.0981794500783,0.0169914833926,-0.110316058972,-0.00914979550457,0.0769920547857,-0.0297927570991,-0.0214570928256,0.0022805055497
2,17,45,8,0.952519969584,0.798663179925,1.83472735986,-22.9389272486,0.226937435008,0.240137183288,-0.148915350976,-0.04898783129,0.263879523413,-0.148685028471,-0.150546419,0.952519969584
6,21,45,7,0.73933858901,0.657963468747,2.92711976222,-26.3471281696,0.268175386895,0.00656306792611,-0.0341683322993,-0.00442483678954,1.27257209529,-0.0428313207783,0.0132371506612,0.73933858901
4,22,44,9,0.97504363556,0.81352879947,2.20608028699,-24.195760098,0.121530491121,0.124036573568,-6.94254247904e-05,-2.85218379746e-06,0.077930619522,-3.06933140124e-05,-1.35722331023e-05,0.97504363556
10,17,33,19,0.428848920621,0.45304028761,5.5242801959,-37.59277183,0.0518506510444,0.00499818090038,-0.185315348689,-0.262943987543,2.3804854406,0.274416263533,-0.754242617181,0.428848920621
3,17,53,0,0.999733227485,0.82982393014,1.25249224323,-9.88671185195,0.440904717477,0.0541473469913,-0.00920800956709,-0.000612167311837,0.0114441921295,-0.0133626557426,0.000947735410187,0.000266772514583
7,14,18,35,0.205713900157,0.305771174104,2.77600917167,-34.1019064065,0.285360579359,0.00893005050275,-0.0203988610009,-0.216256621082,1.32094292921,-0.259903933404,-0.173098043051,0.205713900157
9,22,32,21,0.244160472017,0.331145911531,5.10982213358,-43.8122540509,0.0885819325296,0.00841524204315,0.00880509591606,-0.130763171274,2.32178523187,-0.239924086717,0.243136130841,0.244160472017
5,18,38,16,0.79710609815,0.696090024779,3.98733666565,-32.8228787697,0.0483747493168,0.0114211044424,-0.234508269527,-0.177237848558,2.20548754347,-0.0930419449512,-0.620981737289,0.20289390185
8,21,49,4,0.935644297561,0.78752523639,2.9514612791,-17.8998614953,0.254455327286,0.0313632998036,-0.20382880871,-0.0858834797195,1.14333110313,-0.13468850263,0.165611086061,0.935644297561
1,22,50,2,0.996335404282,0.827581366826,3.05807057607,-12.9780520948,0.0983578135194,0.0169977814481,-0.0100863302468,-0.00107308174893,0.0580306623559,-0.0189613924297,0.00130890202982,0.00366459571814
2,18,37,16,0.976172536916,0.814273874365,1.69941286465,-34.5376791704,0.235841686196,0.242456305034,-0.135314495208,-0.0224614212749,0.186667301053,-0.07721222236,-0.0700798304854,0.976172536916
6,22,44,8,0.85832014782,0.736491297561,2.4041143554,-24.1270968816,0.338294725613,0.0107211280838,-0.523005406828,-0.12548766668,0.772863162204,-0.499708933085,-0.281453247218,0.85832014782
4,23,45,8,0.994784808976,0.826557973924,2.13302051953,-22.5871299459,0.123991071608,0.124599382345,-0.0730597674631,-0.0117752696076,0.0339154551844,-0.0440151643376,-0.0374847744413,0.994784808976
3,18,52,1,0.999333896399,0.829560371623,1.25026760959,-11.4860624763,0.44099826748,0.0542141047846,-0.00222463363481,-0.000125497564204,0.00818362265213,-0.00326056947738,0.000239295835039,0.999333896399
7,15,28,25,0.586741116551,0.557249136924,3.13799678803,-36.7415012791,0.158652294917,0.00527277853449,0.361987616361,-0.298375227453,1.79030360084,0.469360671626,-0.604873260509,0.413258883449
5,19,33,21,0.943313780507,0.792587095135,3.90230415053,-40.7048640648,0.0576808178593,0.0123388900222,-0.0850325151136,-0.0973772715295,1.97417535159,-0.231312191887,0.266560884864,0.0566862194926
10,18,34,18,0.369831946548,0.414089084722,4.78658849304,-39.5994964339,0.0949938483262,0.011526251079,-0.737691702857,-0.26561269729,2.18898581054,-0.191499630062,-0.754618561989,0.369831946548
9,23,32,21,0.0543717079094,0.20588532722,4.6247938239,-55.4150252175,0.222026005574,0.00594233697531,-0.485028309683,-0.30360440949,2.31298762423,-0.00879760763395,-0.893785341412,0.0543717079094
8,22,18,35,0.126455744136,0.253460791129,2.77632389738,-34.9365803765,0.268179242885,0.0377638171691,-0.175137381721,-0.0305024105178,1.07449004089,-0.0688410622406,-0.120708636481,0.873544255864
2,19,50,3,0.999806697556,0.829872420387,1.63306041821,-14.6377849844,0.240396512409,0.243300952158,-0.0663524464398,-0.0112411102255,0.148256409534,-0.0384108915185,-0.0354590905353,0.999806697556
1,23,40,12,0.989085002741,0.822796101809,3.04086042147,-28.5673252639,0.0986452673943,0.0170221293172,-0.0172101546046,-0.00172465179338,0.0326989056064,-0.0253317567495,0.000530237117529,0.989085002741
7,16,34,19,0.263851371198,0.344141904991,3.14202127555,-44.2822463419,0.236306161923,0.00617209514498,0.00402448751216,-0.198508662765,1.6119941885,-0.178309412338,-0.0622151117462,0.263851371198
5,20,33,21,0.750392855985,0.66525928495,3.79683374303,-36.4324672676,0.0604035557948,0.0125661941078,-0.105470407506,-0.02684447854,1.78012723278,-0.19404811881,0.0704962157548,0.249607144015
6,23,20,32,0.110821026878,0.243141877739,2.0148661554,-37.1967457935,0.381246354422,0.0208543794826,-0.389248199995,-0.0676732972679,0.630937176891,-0.141925985314,-0.229693649983,0.889178973122
3,19,53,0,0.999604058823,0.829738678823,1.24472093625,-9.89215704551,0.441231976032,0.0547111074038,-0.00554667334129,-0.000313369937157,0.00702736005832,-0.0011562625938,-0.00105997807705,0.999604058823
4,24,45,8,0.998204268869,0.828814817454,2.11113558504,-22.5692087811,0.124507406233,0.124715312185,-0.0218849344823,-0.00245486685339,0.0244232211223,-0.00949223406214,-0.00776176891683,0.00179573113081
10,19,37,15,0.47224992267,0.481684948962,4.15071106774,-36.8847856501,0.190405632555,0.00724697852359,-0.635877425303,-0.285128540909,1.97641126904,-0.212574541493,-0.910204822222,0.52775007733
9,24,30,23,0.359908601265,0.407539676835,5.0141112528,-38.968351124,0.183327396164,0.00472245478427,0.389317428902,-0.156036675671,2.6240166621,0.31102903787,-0.333333001804,0.640091398735
8,23,34,19,0.850138232852,0.731091233682,3.37969428039,-35.6036578876,0.17987188901,0.0129187677044,0.603370383014,-0.257198509568,1.36022449731,0.285734456419,0.621853091785,0.149861767148
2,20,36,17,0.993625899868,0.825793093913,1.63142148692,-36.5984937279,0.240433469528,0.243340829844,-0.00163893128388,-9.09342798639e-05,0.147062054014,-0.00119435552011,-0.000223897087501,0.993625899868
1,24,51,1,0.999999117882,0.829999417802,2.98000838602,-11.2747976786,0.0995089448738,0.0175749090442,-0.0608520354446,-0.00514141312657,0.0190040253524,-0.013694880254,-0.00977713357341,8.82118107399e-07
5,21,36,17,0.232313541371,0.323326937305,3.72065063713,-47.2869257415,0.0753615206039,0.013671716441,-0.0761831059006,-0.12011043078,1.45433312904,-0.32579410374,0.459741196462,0.232313541371
7,17,29,24,0.636355628067,0.589994714524,3.28888971242,-36.6996547872,0.116731054673,0.00390477198663,0.146868436876,-0.303767183527,1.95332388947,0.341329700974,-0.67362477407,0.636355628067
6,24,24,28,0.17370383415,0.284644530539,2.94783038537,-39.5356589159,0.266559923179,0.00660192488308,0.932964229974,-0.242001837528,1.3118837439,0.680946567012,0.172860923407,0.17370383415
3,20,52,1,0.999843497223,0.829896708167,1.24135635638,-11.4669591916,0.441370939373,0.0550086857544,-0.00336457987144,-0.000186265227018,0.00637636721138,-0.000650992846944,-0.000631564644203,0.000156502777237
8,24,40,13,0.580173331474,0.552914398773,3.21061490304,-34.1671509621,0.204206617451,0.0140918282228,-0.169079377353,-0.0716327327756,1.12541110433,-0.234813392978,0.214930383096,0.580173331474
10,20,34,18,0.7479335133,0.663636118778,4.87196014336,-33.5528350361,0.0671994373172,0.00777105381041,0.721249075618,-0.248800203953,2.31798044694,0.341569177897,0.266942808811,0.2520664867
2,21,49,4,0.999598823898,0.829735223773,1.60404382073,-16.2273853783,0.241658329646,0.243790905834,-0.0273776661987,-0.00300080684106,0.134027511765,-0.0130345422493,-0.00742084623388,0.999598823898
7,18,31,22,0.573047888254,0.548211606247,3.01641706473,-36.1138216492,0.164216344645,0.00682449707189,-0.272472647693,-0.175170374376,1.75844778043,-0.194876109046,-0.317799807909,0.426952111746
5,22,24,29,0.589081360648,0.558793698028,4.01638502182,-37.6964368363,0.0396238513545,0.00786928167626,0.295734384689,-0.302743951331,2.06614874003,0.611815610994,-1.06994002265,0.589081360648
3,21,52,1,0.999842525307,0.829896066703,1.24002779303,-11.4669956138,0.441425873936,0.0550496245726,-0.00132856335202,-7.36224675966e-05,0.00436929115573,-0.00200707605565,0.000146271928852,0.000157474692665
2,22,33,20,0.986729429202,0.821241423273,1.60123506574,-40.9333413779,0.241735445067,0.243867577601,-0.00280875498741,-0.00018872804902,0.131297175652,-0.00273033611254,-7.35107233034e-05,0.0132705707983
7,19,43,10,0.99981815643,0.829879983244,2.98685219076,-25.7309011484,0.248625830796,0.00838010738356,-0.0295648739713,-0.204831222746,1.58693201222,-0.17151576821,-0.129195843321,0.000181843570077
10,21,32,20,0.310180845076,0.37471935775,4.92474175421,-40.8015872492,0.084045354668,0.00804872591516,0.0527816108502,-0.121307001886,2.1937318087,-0.124248638238,0.209751283727,0.310180845076
3,22,52,1,0.999946754994,0.829964858296,1.23868812859,-11.4630899089,0.441481156578,0.0550906973893,-0.00133966443844,-7.40796875907e-05,0.0022603543035,-0.00210893685224,0.000118443764109,5.32450064314e-05
5,23,35,18,0.761322559144,0.672472889035,3.80059243204,-33.9790918944,0.0588549884158,0.0127274549982,-0.215792589781,-0.19742220368,1.9448874096,-0.121261330433,-0.590260154601,0.238677440856
3,23,53,0,0.999608379169,0.829741530252,1.23818043537,-9.89197490932,0.441499849417,0.0551046496356,-0.000507693224962,-2.50473442717e-05,0.00144630252176,-0.000814051781734,4.06148079627e-05,0.999608379169
2,23,35,18,0.996958673485,0.8279927245,1.52837794454,-38.2902149671,0.244313564464,0.246490758295,-0.072857121199,-0.00625276600717,0.0566979217604,-0.074599253892,0.00511570063644,0.00304132651451
7,20,39,14,0.310486744477,0.374921251355,2.98537466327,-44.8388185375,0.248661786918,0.00838210120263,-0.00147752748733,-8.55436199513e-05,1.58564211862,-0.00128989360117,0.000298079509592,0.310486744477
10,22,44,8,0.999806283906,0.829872147378,4.22606087001,-22.3749200947,0.186159703073,0.00578238936783,-0.698680884194,-0.299022755904,1.99987496957,-0.193856839133,-1.04782574996,0.000193716094112
3,24,53,0,0.999866902086,0.829912155377,1.23487030023,-9.88107729646,0.44163737942,0.0553970422551,-0.00331013513704,-0.000184232680159,0.000819568797089,-0.000626733724672,-0.000623742958854,0.999866902086
5,24,43,10,0.268308177261,0.347083396992,3.73290234091,-49.7652369174,0.072641798921,0.013858595061,-0.0676900911301,-0.114791514924,1.663249538,-0.281637871596,0.418259397258,0.268308177261
2,24,46,7,0.98969203817,0.823196745192,1.50788865838,-21.0787862585,0.244905845794,0.247093478574,-0.0204892861557,-0.00143121619675,0.0346140568721,-0.0220838648884,0.00113384997425,0.98969203817
7,21,46,7,0.998805928684,0.829211912931,3.27975428573,-20.9861806957,0.112750353903,0.0205183955386,0.294379622464,-0.298971262424,1.89271472722,0.307072608604,-0.642020840395,0.998805928684
10,23,26,26,0.289691900679,0.361196654448,4.22459123425,-38.1287749757,0.186188383402,0.00578302315591,-0.00146963576217,-9.11288759903e-05,1.99844511419,-0.00142985538191,0.000150240852068,0.710308099321
7,22,37,16,0.650139536476,0.599092094074,3.2706299493,-33.5809546391,0.112857512392,0.0208661788106,-0.00912433643351,-0.000561789998232,1.89120044993,-0.00151427728804,-0.0027848043754,0.650139536476
10,24,25,27,0.699271456966,0.631519161598,5.29897715855,-38.4465721921,0.0876310031905,0.00623846179276,1.0743859243,-0.301908915682,2.16924454905,0.170799434864,0.84843789326,0.300728543034
7,23,38,15,0.492676239542,0.495166318097,3.0057121248,-36.9616336151,0.156356153273,0.037690087189,-0.264917824505,-0.168593486577,1.63647300143,-0.254727448498,-0.388215541639,0.507323760458
7,24,25,28,0.319268593854,0.380717271943,2.8239978866,-37.5598702977,0.262084884358,0.0128556323234,-0.181714238196,-0.240357144429,1.542271954,-0.0942010474334,-0.0609295029449,0.680731406146
